ConstituentID,Term
1188,CDV
1663,CDV
1670,CDV
1681,CDV
1685,CDV
1686,CDV
1702,CDV
1703,CDV
1707,CDV
1708,CDV
1708,CDV
1709,CDV
1711,CDV
1724,CDV
1746,CDV
1748,CDV
1760,CDV
1776,CDV
1818,CDV
1844,CDV
1849,CDV
1850,CDV
1853,CDV
1856,CDV
1860,CDV
1863,CDV
1865,CDV
1872,CDV
1889,CDV
1923,CDV
1930,CDV
1940,CDV
1947,CDV
2061,CDV
2115,CDV
2130,CDV
2216,CDV
2222,CDV
2230,CDV
2233,CDV
2237,CDV
2237,CDV
2248,CDV
2263,CDV
1188,Stereoscopic Photograph
1655,Cabinet Card
1662,Cabinet Card
1663,Cabinet Card
1664,Cabinet Card
1666,Cabinet Card
1670,Cabinet Card
1670,Stereoscopic Photograph
1671,Stereoscopic Photograph
1674,Cabinet Card
1681,Stereoscopic Photograph
1685,Stereoscopic Photograph
1686,Stereoscopic Photograph
1698,Cabinet Card
1702,Stereoscopic Photograph
1703,Cabinet Card
1703,Stereoscopic Photograph
1707,Cabinet Card
1708,Cabinet Card
1708,Stereoscopic Photograph
1709,Cabinet Card
1709,Stereoscopic Photograph
1711,Stereoscopic Photograph
1715,Stereoscopic Photograph
1717,Stereoscopic Photograph
1719,Stereoscopic Photograph
1720,Stereoscopic Photograph
1727,Cabinet Card
1736,Stereoscopic Photograph
1746,Stereoscopic Photograph
1748,Cabinet Card
1748,Stereoscopic Photograph
1758,Stereoscopic Photograph
1760,Cabinet Card
1776,Stereoscopic Photograph
1780,Cabinet Card
1812,Cabinet Card
1813,Cabinet Card
1815,Cabinet Card
1816,Cabinet Card
1817,Cabinet Card
1818,Cabinet Card
1818,Stereoscopic Photograph
1820,Cabinet Card
1824,Stereoscopic Photograph
1844,Stereoscopic Photograph
1849,Cabinet Card
1849,Stereoscopic Photograph
1850,Cabinet Card
1852,Cabinet Card
1853,Cabinet Card
1856,Cabinet Card
1857,Cabinet Card
1858,Cabinet Card
1859,Cabinet Card
1860,Cabinet Card
1861,Cabinet Card
1862,Cabinet Card
1863,Cabinet Card
1864,Cabinet Card
1865,Cabinet Card
1865,Stereoscopic Photograph
1866,Cabinet Card
1867,Cabinet Card
1868,Cabinet Card
1871,Cabinet Card
1872,Cabinet Card
1873,Cabinet Card
1877,Cabinet Card
1879,Cabinet Card
1881,Stereoscopic Photograph
1885,Cabinet Card
1903,Cabinet Card
1923,Cabinet Card
1923,Stereoscopic Photograph
1930,Stereoscopic Photograph
1933,Cabinet Card
1933,Stereoscopic Photograph
1937,Cabinet Card
1940,Cabinet Card
1940,Stereoscopic Photograph
1947,Cabinet Card
1947,Stereoscopic Photograph
1949,Cabinet Card
1951,Cabinet Card
1952,Cabinet Card
1953,Cabinet Card
1955,Stereoscopic Photograph
1967,Cabinet Card
1979,Cabinet Card
2065,Stereoscopic Photograph
2066,Stereoscopic Photograph
2115,Cabinet Card
2130,Cabinet Card
2141,Stereoscopic Photograph
2154,Stereoscopic Photograph
2163,Cabinet Card
2167,Cabinet Card
2215,Cabinet Card
2216,Stereoscopic Photograph
2220,Cabinet Card
2221,Cabinet Card
2222,Cabinet Card
2222,Stereoscopic Photograph
2223,Cabinet Card
2223,Stereoscopic Photograph
2224,Cabinet Card
2225,Cabinet Card
2225,Stereoscopic Photograph
2226,Cabinet Card
2230,Cabinet Card
2231,Cabinet Card
2233,Stereoscopic Photograph
2237,Cabinet Card
2237,Stereoscopic Photograph
2256,Cabinet Card
2264,Cabinet Card
2271,Cabinet Card
2272,CDV
2272,Cabinet Card
2272,Stereoscopic Photograph
2275,CDV
2275,Cabinet Card
2275,Stereoscopic Photograph
2282,CDV
2282,Cabinet Card
2282,Stereoscopic Photograph
2283,CDV
2283,Stereoscopic Photograph
2287,CDV
2287,Stereoscopic Photograph
2289,CDV
2289,Cabinet Card
2289,Stereoscopic Photograph
2295,CDV
2295,Cabinet Card
2304,Stereoscopic Photograph
2307,Stereoscopic Photograph
2312,Cabinet Card
2313,Stereoscopic Photograph
2329,Cabinet Card
2331,CDV
2331,Cabinet Card
2331,Stereoscopic Photograph
2334,CDV
2334,Cabinet Card
2334,Stereoscopic Photograph
2335,CDV
2335,Stereoscopic Photograph
2339,Cabinet Card
2342,CDV
2342,Cabinet Card
2343,Cabinet Card
2368,Cabinet Card
2384,CDV
2384,Stereoscopic Photograph
2385,Cabinet Card
2386,Cabinet Card
2393,CDV
2393,Cabinet Card
2393,Stereoscopic Photograph
2394,Cabinet Card
2399,Cabinet Card
2408,CDV
2408,Cabinet Card
2408,Stereoscopic Photograph
2415,Stereoscopic Photograph
2419,CDV
2420,Stereoscopic Photograph
2426,CDV
2426,Stereoscopic Photograph
2442,Cabinet Card
2449,Stereoscopic Photograph
2456,CDV
2459,CDV
2476,CDV
2476,Cabinet Card
2477,Cabinet Card
2478,Cabinet Card
2479,CDV
2479,Cabinet Card
2480,Cabinet Card
2481,Cabinet Card
2482,CDV
2482,CDV
2482,Cabinet Card
2483,Cabinet Card
2484,Cabinet Card
2485,Cabinet Card
2487,Cabinet Card
2487,Stereoscopic Photograph
2501,Cabinet Card
2502,Cabinet Card
2503,Stereoscopic Photograph
2505,Cabinet Card
2506,Cabinet Card
2522,Cabinet Card
2530,CDV
2530,Stereoscopic Photograph
2531,CDV
2532,CDV
2532,Cabinet Card
2533,Cabinet Card
2534,CDV
2534,Cabinet Card
2535,Stereoscopic Photograph
2538,Cabinet Card
2550,Cabinet Card
2557,Cabinet Card
2560,Cabinet Card
2561,Stereoscopic Photograph
2565,CDV
2565,Cabinet Card
2571,Stereoscopic Photograph
2576,CDV
2576,Stereoscopic Photograph
2579,Cabinet Card
2586,CDV
2599,CDV
2599,Stereoscopic Photograph
2605,Cabinet Card
2605,Stereoscopic Photograph
2610,Cabinet Card
2611,Cabinet Card
2612,Cabinet Card
2613,Cabinet Card
2627,Cabinet Card
2627,Stereoscopic Photograph
2628,Cabinet Card
2629,CDV
2629,Cabinet Card
2630,Cabinet Card
2631,CDV
2631,Cabinet Card
2631,Stereoscopic Photograph
2632,Cabinet Card
2633,Cabinet Card
2634,Cabinet Card
2635,Cabinet Card
2636,Cabinet Card
2637,Cabinet Card
2638,Cabinet Card
2639,Cabinet Card
2640,Cabinet Card
2641,CDV
2641,Cabinet Card
2642,Cabinet Card
2643,Cabinet Card
2644,Cabinet Card
2645,Cabinet Card
2646,Cabinet Card
2648,Cabinet Card
2648,Stereoscopic Photograph
2649,CDV
2649,Cabinet Card
2650,Cabinet Card
2651,Cabinet Card
2652,CDV
2652,Cabinet Card
2652,Stereoscopic Photograph
2653,CDV
2653,Cabinet Card
2654,Cabinet Card
2656,CDV
2656,Cabinet Card
2658,CDV
2658,Cabinet Card
2659,CDV
2659,CDV
2659,Cabinet Card
2660,Cabinet Card
2662,Cabinet Card
2663,CDV
2663,Cabinet Card
2664,Cabinet Card
2665,Cabinet Card
2667,CDV
2667,Cabinet Card
2667,Stereoscopic Photograph
2668,CDV
2668,Cabinet Card
2668,Stereoscopic Photograph
2669,Cabinet Card
2670,CDV
2670,Cabinet Card
2671,Cabinet Card
2672,Cabinet Card
2674,Cabinet Card
2675,CDV
2675,Cabinet Card
2678,CDV
2678,Cabinet Card
2678,Stereoscopic Photograph
2679,CDV
2679,Cabinet Card
2680,Cabinet Card
2681,Cabinet Card
2682,CDV
2682,Cabinet Card
2683,Cabinet Card
2684,Cabinet Card
2685,Cabinet Card
2686,Cabinet Card
2687,CDV
2687,Cabinet Card
2688,Cabinet Card
2689,Cabinet Card
2690,Cabinet Card
2691,Cabinet Card
2692,Cabinet Card
2694,Cabinet Card
2695,Cabinet Card
2695,Stereoscopic Photograph
2696,Cabinet Card
2697,Cabinet Card
2699,CDV
2699,Cabinet Card
2699,Stereoscopic Photograph
2700,Cabinet Card
2701,Cabinet Card
2702,Cabinet Card
2703,Cabinet Card
2705,Cabinet Card
2706,Cabinet Card
2708,Cabinet Card
2708,Stereoscopic Photograph
2709,Cabinet Card
2710,Cabinet Card
2711,Cabinet Card
2714,Cabinet Card
2715,Cabinet Card
2717,Cabinet Card
2718,CDV
2718,Cabinet Card
2719,Cabinet Card
2720,Cabinet Card
2721,CDV
2721,Cabinet Card
2722,Cabinet Card
2723,Cabinet Card
2723,Stereoscopic Photograph
2724,Cabinet Card
2725,Cabinet Card
2726,Cabinet Card
2727,Cabinet Card
2728,Cabinet Card
2729,Cabinet Card
2730,Cabinet Card
2731,Cabinet Card
2732,Cabinet Card
2733,CDV
2733,Cabinet Card
2735,Cabinet Card
2736,Cabinet Card
2737,Cabinet Card
2738,Cabinet Card
2739,Cabinet Card
2740,Cabinet Card
2741,Cabinet Card
2742,Cabinet Card
2743,Cabinet Card
2746,Cabinet Card
2747,CDV
2747,Cabinet Card
2748,Cabinet Card
2749,Cabinet Card
2750,Cabinet Card
2751,Cabinet Card
2752,Cabinet Card
2753,Cabinet Card
2754,Cabinet Card
2755,Cabinet Card
2756,Cabinet Card
2757,Cabinet Card
2758,Cabinet Card
2760,CDV
2760,Cabinet Card
2761,Cabinet Card
2762,CDV
2762,Cabinet Card
2762,Stereoscopic Photograph
2763,Cabinet Card
2764,Cabinet Card
2767,Cabinet Card
2770,Cabinet Card
2772,CDV
2772,Cabinet Card
2773,Cabinet Card
2774,Cabinet Card
2776,Cabinet Card
2777,CDV
2777,Cabinet Card
2778,Cabinet Card
2779,Cabinet Card
2780,Cabinet Card
2781,Cabinet Card
2782,Cabinet Card
2783,Cabinet Card
2784,Cabinet Card
2785,CDV
2785,Cabinet Card
2786,Cabinet Card
2787,CDV
2787,Cabinet Card
2800,Cabinet Card
2805,Cabinet Card
2810,Stereoscopic Photograph
2811,Stereoscopic Photograph
2823,Cabinet Card
2837,Stereoscopic Photograph
2843,Cabinet Card
3006,Stereoscopic Photograph
3012,CDV
3014,CDV
3023,Cabinet Card
3025,Cabinet Card
3026,Cabinet Card
3035,CDV
3035,Cabinet Card
3035,Stereoscopic Photograph
3037,CDV
3072,Stereoscopic Photograph
3075,CDV
3075,Stereoscopic Photograph
3186,Stereoscopic Photograph
3280,CDV
3280,Stereoscopic Photograph
3285,CDV
3285,Cabinet Card
3286,CDV
3286,Stereoscopic Photograph
3313,Cabinet Card
3331,CDV
3331,Stereoscopic Photograph
3352,Stereoscopic Photograph
3360,CDV
3361,CDV
3361,Stereoscopic Photograph
3363,CDV
3363,Stereoscopic Photograph
3370,Stereoscopic Photograph
3405,Stereoscopic Photograph
3432,CDV
3440,Stereoscopic Photograph
3454,Cabinet Card
3454,Stereoscopic Photograph
3479,CDV
3479,Cabinet Card
3479,Stereoscopic Photograph
3484,CDV
3500,CDV
3512,Stereoscopic Photograph
3536,Stereoscopic Photograph
3537,Stereoscopic Photograph
3541,Cabinet Card
3544,Stereoscopic Photograph
3554,Stereoscopic Photograph
3564,Cabinet Card
3566,Stereoscopic Photograph
3595,Cabinet Card
3604,Stereoscopic Photograph
3608,Stereoscopic Photograph
3623,Stereoscopic Photograph
3635,Cabinet Card
3667,Stereoscopic Photograph
3683,Stereoscopic Photograph
3689,CDV
3691,CDV
3716,Cabinet Card
3732,CDV
3732,Cabinet Card
3732,Stereoscopic Photograph
3733,CDV
3733,Cabinet Card
3733,Stereoscopic Photograph
3750,Stereoscopic Photograph
3753,Cabinet Card
3756,CDV
3756,Cabinet Card
3756,Stereoscopic Photograph
3769,Stereoscopic Photograph
3776,Stereoscopic Photograph
3798,Stereoscopic Photograph
3800,Stereoscopic Photograph
3819,Cabinet Card
3823,CDV
3823,Stereoscopic Photograph
3826,CDV
3826,Stereoscopic Photograph
3830,Stereoscopic Photograph
3854,Stereoscopic Photograph
3863,Cabinet Card
3909,CDV
3926,CDV
3926,Stereoscopic Photograph
3966,Cabinet Card
3970,Cabinet Card
3972,CDV
3972,Cabinet Card
3972,Stereoscopic Photograph
3977,Cabinet Card
3977,Stereoscopic Photograph
3980,Stereoscopic Photograph
4017,CDV
4017,Cabinet Card
4020,Cabinet Card
4024,Cabinet Card
4024,Stereoscopic Photograph
4025,Cabinet Card
4035,Stereoscopic Photograph
4041,Cabinet Card
4052,Stereoscopic Photograph
4054,Stereoscopic Photograph
4066,CDV
4071,Cabinet Card
4071,Stereoscopic Photograph
4098,Stereoscopic Photograph
4099,CDV
4099,Stereoscopic Photograph
4102,Stereoscopic Photograph
4112,Stereoscopic Photograph
4126,CDV
4126,Stereoscopic Photograph
4169,CDV
4169,Stereoscopic Photograph
4180,CDV
4191,CDV
4196,CDV
4196,Cabinet Card
4209,Cabinet Card
4221,Stereoscopic Photograph
4222,Cabinet Card
4223,Cabinet Card
4223,Stereoscopic Photograph
4224,Cabinet Card
4225,Cabinet Card
4227,CDV
4227,Cabinet Card
4228,Cabinet Card
4229,CDV
4229,Cabinet Card
4230,Cabinet Card
4232,CDV
4232,Cabinet Card
4233,Cabinet Card
4234,Cabinet Card
4235,Cabinet Card
4236,Cabinet Card
4238,Cabinet Card
4239,Cabinet Card
4240,Cabinet Card
4241,Cabinet Card
4250,CDV
4250,Cabinet Card
4251,Cabinet Card
4252,CDV
4252,Cabinet Card
4253,Cabinet Card
4269,Cabinet Card
4270,Cabinet Card
4271,Cabinet Card
4271,Stereoscopic Photograph
4272,Cabinet Card
4273,Cabinet Card
4274,Cabinet Card
4275,Cabinet Card
4276,Cabinet Card
4277,Cabinet Card
4278,Cabinet Card
4279,Cabinet Card
4280,Cabinet Card
4280,Stereoscopic Photograph
4281,CDV
4281,Cabinet Card
4282,Cabinet Card
4283,Cabinet Card
4284,Cabinet Card
4285,Cabinet Card
4286,Cabinet Card
4287,Cabinet Card
4288,CDV
4288,Cabinet Card
4289,CDV
4289,Cabinet Card
4289,Stereoscopic Photograph
4290,Cabinet Card
4291,Cabinet Card
4292,Cabinet Card
4293,CDV
4293,Cabinet Card
4293,Stereoscopic Photograph
4296,CDV
4296,Cabinet Card
4296,Stereoscopic Photograph
4297,Cabinet Card
4298,CDV
4298,Cabinet Card
4298,Stereoscopic Photograph
4300,Cabinet Card
4301,Cabinet Card
4302,Cabinet Card
4303,CDV
4303,Cabinet Card
4304,Cabinet Card
4306,CDV
4306,Cabinet Card
4307,Cabinet Card
4308,Cabinet Card
4309,CDV
4309,Cabinet Card
4310,Cabinet Card
4311,Cabinet Card
4312,Cabinet Card
4313,Cabinet Card
4314,Cabinet Card
4316,Cabinet Card
4318,Cabinet Card
4320,Cabinet Card
4321,Cabinet Card
4322,Cabinet Card
4323,Cabinet Card
4324,Cabinet Card
4324,Stereoscopic Photograph
4325,Cabinet Card
4326,CDV
4326,CDV
4327,Cabinet Card
4327,Stereoscopic Photograph
4328,Cabinet Card
4329,Cabinet Card
4331,Cabinet Card
4332,CDV
4332,Cabinet Card
4333,Cabinet Card
4334,CDV
4334,Cabinet Card
4334,Stereoscopic Photograph
4335,Cabinet Card
4335,Stereoscopic Photograph
4336,Cabinet Card
4337,Cabinet Card
4338,Cabinet Card
4339,Cabinet Card
4339,Stereoscopic Photograph
4340,Cabinet Card
4341,Cabinet Card
4342,Cabinet Card
4343,Cabinet Card
4344,Cabinet Card
4345,Cabinet Card
4347,Cabinet Card
4347,Stereoscopic Photograph
4348,Cabinet Card
4349,Cabinet Card
4350,Cabinet Card
4351,Cabinet Card
4352,Cabinet Card
4353,Cabinet Card
4354,CDV
4354,Cabinet Card
4355,CDV
4355,Cabinet Card
4356,Cabinet Card
4357,Cabinet Card
4358,CDV
4358,Cabinet Card
4358,Stereoscopic Photograph
4359,Cabinet Card
4360,Cabinet Card
4360,Stereoscopic Photograph
4361,CDV
4361,Cabinet Card
4361,Stereoscopic Photograph
4362,Cabinet Card
4363,Cabinet Card
4365,Cabinet Card
4366,Cabinet Card
4367,Cabinet Card
4368,Cabinet Card
4369,CDV
4369,Cabinet Card
4370,Cabinet Card
4371,Cabinet Card
4374,Cabinet Card
4375,Cabinet Card
4376,CDV
4376,Cabinet Card
4377,Cabinet Card
4378,Cabinet Card
4379,Cabinet Card
4380,Cabinet Card
4381,Cabinet Card
4382,Cabinet Card
4383,Cabinet Card
4384,Cabinet Card
4385,Cabinet Card
4386,Cabinet Card
4387,Cabinet Card
4387,Stereoscopic Photograph
4388,Cabinet Card
4389,Cabinet Card
4390,CDV
4390,Cabinet Card
4391,Cabinet Card
4393,Cabinet Card
4394,Cabinet Card
4395,Cabinet Card
4395,Stereoscopic Photograph
4396,CDV
4396,Cabinet Card
4398,Cabinet Card
4399,Cabinet Card
4399,Stereoscopic Photograph
4400,Cabinet Card
4402,Cabinet Card
4403,Cabinet Card
4403,Stereoscopic Photograph
4404,Cabinet Card
4405,Cabinet Card
4406,Cabinet Card
4407,CDV
4407,Cabinet Card
4407,Stereoscopic Photograph
4409,CDV
4409,Stereoscopic Photograph
4410,CDV
4410,Cabinet Card
4411,Cabinet Card
4412,Cabinet Card
4413,Cabinet Card
4414,Cabinet Card
4415,Cabinet Card
4416,Cabinet Card
4417,Cabinet Card
4418,Cabinet Card
4419,Cabinet Card
4420,Cabinet Card
4421,Cabinet Card
4422,Cabinet Card
4424,CDV
4424,Cabinet Card
4425,Cabinet Card
4426,Cabinet Card
4427,CDV
4427,Cabinet Card
4428,Cabinet Card
4429,Cabinet Card
4430,Cabinet Card
4431,Cabinet Card
4431,Stereoscopic Photograph
4432,Cabinet Card
4432,Stereoscopic Photograph
4433,CDV
4433,Cabinet Card
4434,Cabinet Card
4437,Cabinet Card
4438,Cabinet Card
4439,Cabinet Card
4440,Cabinet Card
4441,CDV
4441,Cabinet Card
4442,Cabinet Card
4443,Cabinet Card
4444,CDV
4444,Cabinet Card
4445,Cabinet Card
4445,Stereoscopic Photograph
4446,Cabinet Card
4447,Cabinet Card
4448,Cabinet Card
4450,Cabinet Card
4451,CDV
4451,Cabinet Card
4451,Stereoscopic Photograph
4472,Stereoscopic Photograph
4473,Cabinet Card
4474,Cabinet Card
4475,Cabinet Card
4476,CDV
4476,Cabinet Card
4477,CDV
4477,Cabinet Card
4479,Stereoscopic Photograph
4488,CDV
4488,Cabinet Card
4489,Cabinet Card
4490,Cabinet Card
4491,CDV
4491,Cabinet Card
4492,Cabinet Card
4493,Cabinet Card
4494,Cabinet Card
4496,Cabinet Card
4498,Cabinet Card
4499,Cabinet Card
4500,Cabinet Card
4502,Cabinet Card
4503,Cabinet Card
4504,Cabinet Card
4505,Cabinet Card
4506,Cabinet Card
4507,Cabinet Card
4509,CDV
4510,CDV
4511,CDV
4512,CDV
4512,CDV
4513,CDV
4520,CDV
4521,CDV
4522,CDV
4523,CDV
4523,Stereoscopic Photograph
4524,CDV
4525,CDV
4525,Stereoscopic Photograph
4526,CDV
4526,CDV
4527,CDV
4527,CDV
4527,Stereoscopic Photograph
4528,CDV
4529,CDV
4530,CDV
4531,CDV
4534,CDV
4535,CDV
4536,CDV
4538,CDV
4539,CDV
4539,CDV
4541,CDV
4542,CDV
4543,CDV
4543,Stereoscopic Photograph
4545,CDV
4546,CDV
4547,CDV
4547,Stereoscopic Photograph
4548,CDV
4550,CDV
4551,CDV
4551,Stereoscopic Photograph
4552,CDV
4553,CDV
4554,CDV
4555,CDV
4556,CDV
4558,CDV
4558,Cabinet Card
4558,Stereoscopic Photograph
4560,CDV
4561,CDV
4562,CDV
4563,CDV
4564,CDV
4565,CDV
4566,CDV
4567,CDV
4569,CDV
4569,CDV
4569,Cabinet Card
4570,CDV
4571,CDV
4572,CDV
4574,CDV
4574,Cabinet Card
4575,CDV
4576,CDV
4576,CDV
4578,CDV
4579,CDV
4582,CDV
4582,Stereoscopic Photograph
4583,CDV
4583,Stereoscopic Photograph
4584,CDV
4585,CDV
4587,CDV
4588,CDV
4589,CDV
4590,CDV
4590,Stereoscopic Photograph
4591,CDV
4592,CDV
4593,CDV
4594,CDV
4596,CDV
4597,CDV
4598,CDV
4599,CDV
4600,CDV
4601,CDV
4602,CDV
4602,Stereoscopic Photograph
4604,CDV
4605,CDV
4606,CDV
4607,CDV
4607,Cabinet Card
4608,CDV
4609,CDV
4610,CDV
4612,CDV
4613,CDV
4614,CDV
4615,CDV
4616,CDV
4617,CDV
4618,CDV
4619,CDV
4620,CDV
4621,CDV
4622,CDV
4624,CDV
4625,CDV
4626,CDV
4627,CDV
4628,CDV
4629,CDV
4631,CDV
4632,CDV
4632,Cabinet Card
4633,CDV
4640,CDV
4653,CDV
4654,CDV
4654,Stereoscopic Photograph
4717,Cabinet Card
4718,Cabinet Card
4719,CDV
4719,Cabinet Card
4720,CDV
4720,Cabinet Card
4736,CDV
4736,Cabinet Card
4739,CDV
4743,CDV
4751,Stereoscopic Photograph
4762,CDV
4762,Stereoscopic Photograph
4773,Cabinet Card
4776,Stereoscopic Photograph
4778,Stereoscopic Photograph
4798,CDV
4798,Cabinet Card
4802,Cabinet Card
4802,Stereoscopic Photograph
4805,CDV
4831,CDV
4831,Stereoscopic Photograph
4835,Stereoscopic Photograph
4838,CDV
4838,Stereoscopic Photograph
4845,Cabinet Card
4845,Stereoscopic Photograph
4851,Stereoscopic Photograph
4870,CDV
4871,Stereoscopic Photograph
4886,CDV
4969,Stereoscopic Photograph
4977,Stereoscopic Photograph
4981,CDV
4981,Stereoscopic Photograph
4983,Cabinet Card
4990,CDV
4990,CDV
4996,Stereoscopic Photograph
5027,CDV
5027,Stereoscopic Photograph
5040,Stereoscopic Photograph
5057,Stereoscopic Photograph
5077,CDV
5158,CDV
5163,Stereoscopic Photograph
5185,CDV
5185,Stereoscopic Photograph
5186,Cabinet Card
5186,Stereoscopic Photograph
5191,CDV
5191,Stereoscopic Photograph
5193,Stereoscopic Photograph
5195,CDV
5195,Stereoscopic Photograph
5196,Stereoscopic Photograph
5197,CDV
5201,CDV
5201,Cabinet Card
5201,Stereoscopic Photograph
5206,Stereoscopic Photograph
5207,Stereoscopic Photograph
5225,Stereoscopic Photograph
5232,Stereoscopic Photograph
5233,CDV
5233,Stereoscopic Photograph
5245,CDV
5275,Stereoscopic Photograph
5276,Stereoscopic Photograph
5277,Stereoscopic Photograph
5278,Stereoscopic Photograph
5279,Stereoscopic Photograph
5280,Stereoscopic Photograph
5281,Stereoscopic Photograph
5282,Stereoscopic Photograph
5283,Stereoscopic Photograph
5284,CDV
5292,CDV
5292,Cabinet Card
5292,Stereoscopic Photograph
5304,CDV
5314,CDV
5314,CDV
5314,Cabinet Card
5351,Stereoscopic Photograph
5373,CDV
5373,Cabinet Card
5373,Stereoscopic Photograph
5382,Stereoscopic Photograph
6466,CDV
6466,Stereoscopic Photograph
6601,Cabinet Card
6617,Stereoscopic Photograph
6618,CDV
6618,Stereoscopic Photograph
6622,CDV
6647,Stereoscopic Photograph
6648,CDV
6648,Stereoscopic Photograph
6649,Stereoscopic Photograph
6650,Stereoscopic Photograph
6651,Stereoscopic Photograph
6652,CDV
6652,Stereoscopic Photograph
6653,Stereoscopic Photograph
6654,Stereoscopic Photograph
6655,Stereoscopic Photograph
6699,CDV
6699,Stereoscopic Photograph
6740,Stereoscopic Photograph
6833,CDV
6833,Stereoscopic Photograph
6853,CDV
6939,Stereoscopic Photograph
6940,Stereoscopic Photograph
6941,Stereoscopic Photograph
6942,Stereoscopic Photograph
6943,Stereoscopic Photograph
6945,Stereoscopic Photograph
6946,Stereoscopic Photograph
6948,CDV
6948,Stereoscopic Photograph
7142,Stereoscopic Photograph
7143,CDV
7143,Stereoscopic Photograph
7148,Stereoscopic Photograph
7158,Stereoscopic Photograph
7159,Stereoscopic Photograph
7160,Stereoscopic Photograph
7161,Stereoscopic Photograph
7162,Stereoscopic Photograph
7163,Stereoscopic Photograph
7164,Stereoscopic Photograph
7165,Stereoscopic Photograph
7166,Stereoscopic Photograph
7167,Stereoscopic Photograph
7168,Stereoscopic Photograph
7169,Stereoscopic Photograph
7170,Stereoscopic Photograph
7171,Stereoscopic Photograph
7172,Stereoscopic Photograph
7173,Stereoscopic Photograph
7174,Stereoscopic Photograph
7175,Stereoscopic Photograph
7176,Stereoscopic Photograph
7177,Stereoscopic Photograph
7178,Stereoscopic Photograph
7179,Stereoscopic Photograph
7180,Stereoscopic Photograph
7181,Stereoscopic Photograph
7182,Stereoscopic Photograph
7183,Stereoscopic Photograph
7184,Stereoscopic Photograph
7185,Stereoscopic Photograph
7186,Stereoscopic Photograph
7187,Stereoscopic Photograph
7189,Stereoscopic Photograph
7190,Stereoscopic Photograph
7191,Stereoscopic Photograph
7192,Stereoscopic Photograph
7193,Stereoscopic Photograph
7194,Stereoscopic Photograph
7195,Stereoscopic Photograph
7196,CDV
7196,Stereoscopic Photograph
7197,Stereoscopic Photograph
7198,Stereoscopic Photograph
7199,Stereoscopic Photograph
7201,CDV
7201,Stereoscopic Photograph
7202,Stereoscopic Photograph
7203,Stereoscopic Photograph
7204,Stereoscopic Photograph
7205,Stereoscopic Photograph
7206,Stereoscopic Photograph
7207,Stereoscopic Photograph
7208,Stereoscopic Photograph
7209,Stereoscopic Photograph
7210,CDV
7210,Cabinet Card
7210,Stereoscopic Photograph
7211,Stereoscopic Photograph
7212,Stereoscopic Photograph
7213,Stereoscopic Photograph
7214,Stereoscopic Photograph
7215,Stereoscopic Photograph
7216,Stereoscopic Photograph
7217,Stereoscopic Photograph
7218,Stereoscopic Photograph
7219,Stereoscopic Photograph
7220,Stereoscopic Photograph
7221,Stereoscopic Photograph
7222,Stereoscopic Photograph
7223,CDV
7223,Stereoscopic Photograph
7224,Stereoscopic Photograph
7225,Stereoscopic Photograph
7226,CDV
7226,Stereoscopic Photograph
7227,CDV
7227,Cabinet Card
7227,Stereoscopic Photograph
7229,CDV
7229,Stereoscopic Photograph
7230,CDV
7230,Cabinet Card
7230,Stereoscopic Photograph
7231,Stereoscopic Photograph
7232,Stereoscopic Photograph
7233,Stereoscopic Photograph
7234,Stereoscopic Photograph
7235,Stereoscopic Photograph
7236,Stereoscopic Photograph
7237,Stereoscopic Photograph
7238,Stereoscopic Photograph
7239,CDV
7239,Stereoscopic Photograph
7240,Stereoscopic Photograph
7241,Stereoscopic Photograph
7242,Stereoscopic Photograph
7243,Stereoscopic Photograph
7244,Stereoscopic Photograph
7245,Stereoscopic Photograph
7246,Stereoscopic Photograph
7247,Stereoscopic Photograph
7248,Stereoscopic Photograph
7249,Cabinet Card
7249,Stereoscopic Photograph
7250,Stereoscopic Photograph
7251,Stereoscopic Photograph
7252,Stereoscopic Photograph
7253,Stereoscopic Photograph
7254,Stereoscopic Photograph
7255,Stereoscopic Photograph
7256,Stereoscopic Photograph
7257,Stereoscopic Photograph
7258,Stereoscopic Photograph
7259,Stereoscopic Photograph
7260,Stereoscopic Photograph
7261,Stereoscopic Photograph
7262,Stereoscopic Photograph
7263,Stereoscopic Photograph
7264,Stereoscopic Photograph
7265,CDV
7265,Stereoscopic Photograph
7266,Stereoscopic Photograph
7267,Stereoscopic Photograph
7268,Stereoscopic Photograph
7269,Stereoscopic Photograph
7270,CDV
7282,CDV
7293,Stereoscopic Photograph
7308,CDV
7308,Stereoscopic Photograph
7319,CDV
7328,Stereoscopic Photograph
7329,CDV
7329,Stereoscopic Photograph
7330,Stereoscopic Photograph
7331,Stereoscopic Photograph
7332,Stereoscopic Photograph
7333,Stereoscopic Photograph
7334,CDV
7334,Stereoscopic Photograph
7335,CDV
7335,Stereoscopic Photograph
7336,Stereoscopic Photograph
7337,CDV
7337,Stereoscopic Photograph
7338,Stereoscopic Photograph
7339,Stereoscopic Photograph
7340,CDV
7340,Stereoscopic Photograph
7341,Stereoscopic Photograph
7342,Stereoscopic Photograph
7343,Cabinet Card
7343,Stereoscopic Photograph
7344,Stereoscopic Photograph
7345,Stereoscopic Photograph
7346,Stereoscopic Photograph
7347,Stereoscopic Photograph
7348,Stereoscopic Photograph
7349,Stereoscopic Photograph
7350,Stereoscopic Photograph
7351,Stereoscopic Photograph
7352,Stereoscopic Photograph
7353,CDV
7353,Stereoscopic Photograph
7354,CDV
7354,Stereoscopic Photograph
7355,Stereoscopic Photograph
7356,Stereoscopic Photograph
7357,CDV
7357,Stereoscopic Photograph
7358,Stereoscopic Photograph
7359,CDV
7359,Stereoscopic Photograph
7360,Stereoscopic Photograph
7361,Stereoscopic Photograph
7370,Stereoscopic Photograph
7371,Stereoscopic Photograph
7373,Stereoscopic Photograph
7374,Stereoscopic Photograph
7375,Stereoscopic Photograph
7376,Stereoscopic Photograph
7377,Stereoscopic Photograph
7378,Stereoscopic Photograph
7379,CDV
7379,Stereoscopic Photograph
7380,Stereoscopic Photograph
7381,Stereoscopic Photograph
7382,Stereoscopic Photograph
7383,CDV
7383,Stereoscopic Photograph
7384,Stereoscopic Photograph
7385,Stereoscopic Photograph
7386,Stereoscopic Photograph
7387,Stereoscopic Photograph
7388,Stereoscopic Photograph
7389,Stereoscopic Photograph
7390,Stereoscopic Photograph
7391,Stereoscopic Photograph
7392,CDV
7392,Stereoscopic Photograph
7393,CDV
7393,Stereoscopic Photograph
7395,Stereoscopic Photograph
7396,Stereoscopic Photograph
7397,Stereoscopic Photograph
7398,CDV
7398,Stereoscopic Photograph
7399,Stereoscopic Photograph
7400,Stereoscopic Photograph
7401,CDV
7401,Stereoscopic Photograph
7402,Stereoscopic Photograph
7403,Stereoscopic Photograph
7404,CDV
7404,Stereoscopic Photograph
7429,CDV
7429,Stereoscopic Photograph
7430,Stereoscopic Photograph
7435,Stereoscopic Photograph
7436,Stereoscopic Photograph
7438,Stereoscopic Photograph
7443,Stereoscopic Photograph
7445,Stereoscopic Photograph
7446,Stereoscopic Photograph
7447,Stereoscopic Photograph
7448,Stereoscopic Photograph
7449,Stereoscopic Photograph
7451,Stereoscopic Photograph
7452,Stereoscopic Photograph
7453,Stereoscopic Photograph
7454,CDV
7454,Cabinet Card
7454,Stereoscopic Photograph
7455,Stereoscopic Photograph
7456,Stereoscopic Photograph
7457,CDV
7457,Stereoscopic Photograph
7458,Stereoscopic Photograph
7459,Stereoscopic Photograph
7460,Stereoscopic Photograph
7463,Stereoscopic Photograph
7464,Stereoscopic Photograph
7465,CDV
7465,Stereoscopic Photograph
7466,CDV
7466,Stereoscopic Photograph
7467,Stereoscopic Photograph
7468,Stereoscopic Photograph
7469,Stereoscopic Photograph
7470,Stereoscopic Photograph
7471,Stereoscopic Photograph
7472,Stereoscopic Photograph
7473,Stereoscopic Photograph
7474,CDV
7474,Stereoscopic Photograph
7475,Stereoscopic Photograph
7476,Stereoscopic Photograph
7477,Stereoscopic Photograph
7478,Stereoscopic Photograph
7479,Stereoscopic Photograph
7480,Stereoscopic Photograph
7481,Stereoscopic Photograph
7482,Stereoscopic Photograph
7483,Stereoscopic Photograph
7484,Stereoscopic Photograph
7485,Stereoscopic Photograph
7487,Stereoscopic Photograph
7489,Stereoscopic Photograph
7490,Stereoscopic Photograph
7491,Stereoscopic Photograph
7492,Stereoscopic Photograph
7493,Stereoscopic Photograph
7494,Stereoscopic Photograph
7495,Stereoscopic Photograph
7496,Stereoscopic Photograph
7497,Stereoscopic Photograph
7498,Stereoscopic Photograph
7499,Stereoscopic Photograph
7500,Stereoscopic Photograph
7501,Stereoscopic Photograph
7502,Stereoscopic Photograph
7503,Stereoscopic Photograph
7504,Stereoscopic Photograph
7507,Stereoscopic Photograph
7508,Stereoscopic Photograph
7510,Stereoscopic Photograph
7511,CDV
7511,Stereoscopic Photograph
7512,Stereoscopic Photograph
7513,Stereoscopic Photograph
7514,Stereoscopic Photograph
7515,Stereoscopic Photograph
7516,Stereoscopic Photograph
7517,Stereoscopic Photograph
7518,CDV
7518,Stereoscopic Photograph
7519,Stereoscopic Photograph
7520,Stereoscopic Photograph
7521,Stereoscopic Photograph
7522,Cabinet Card
7522,Stereoscopic Photograph
7523,Stereoscopic Photograph
7524,Stereoscopic Photograph
7525,Stereoscopic Photograph
7526,Stereoscopic Photograph
7527,Stereoscopic Photograph
7528,CDV
7528,Stereoscopic Photograph
7529,Stereoscopic Photograph
7530,Stereoscopic Photograph
7531,Stereoscopic Photograph
7533,Stereoscopic Photograph
7534,Stereoscopic Photograph
7535,Stereoscopic Photograph
7536,Stereoscopic Photograph
7537,CDV
7537,Stereoscopic Photograph
7538,Stereoscopic Photograph
7539,Stereoscopic Photograph
7540,Stereoscopic Photograph
7541,CDV
7541,Cabinet Card
7541,Stereoscopic Photograph
7542,Stereoscopic Photograph
7543,CDV
7543,Stereoscopic Photograph
7544,CDV
7544,Stereoscopic Photograph
7545,Stereoscopic Photograph
7546,Stereoscopic Photograph
7547,Stereoscopic Photograph
7548,CDV
7548,Stereoscopic Photograph
7549,Stereoscopic Photograph
7550,Stereoscopic Photograph
7551,Stereoscopic Photograph
7552,Stereoscopic Photograph
7553,Stereoscopic Photograph
7554,Stereoscopic Photograph
7555,Stereoscopic Photograph
7556,Stereoscopic Photograph
7557,CDV
7557,Stereoscopic Photograph
7558,Stereoscopic Photograph
7559,Stereoscopic Photograph
7560,Stereoscopic Photograph
7561,Stereoscopic Photograph
7562,Stereoscopic Photograph
7564,Stereoscopic Photograph
7565,CDV
7565,Stereoscopic Photograph
7566,Stereoscopic Photograph
7567,Stereoscopic Photograph
7568,CDV
7568,Stereoscopic Photograph
7569,Stereoscopic Photograph
7570,Stereoscopic Photograph
7572,CDV
7572,Stereoscopic Photograph
7573,CDV
7573,Stereoscopic Photograph
7574,Stereoscopic Photograph
7575,Cabinet Card
7575,Stereoscopic Photograph
7576,CDV
7576,Stereoscopic Photograph
7577,Stereoscopic Photograph
7578,Stereoscopic Photograph
7579,Stereoscopic Photograph
7580,Stereoscopic Photograph
7581,Stereoscopic Photograph
7582,CDV
7582,Stereoscopic Photograph
7583,Stereoscopic Photograph
7584,Stereoscopic Photograph
7585,CDV
7585,Stereoscopic Photograph
7586,Stereoscopic Photograph
7587,CDV
7587,Stereoscopic Photograph
7588,CDV
7588,Stereoscopic Photograph
7590,Stereoscopic Photograph
7591,Stereoscopic Photograph
7592,Stereoscopic Photograph
7593,Stereoscopic Photograph
7594,Stereoscopic Photograph
7595,Stereoscopic Photograph
7596,Stereoscopic Photograph
7597,Stereoscopic Photograph
7598,Stereoscopic Photograph
7599,Stereoscopic Photograph
7600,Stereoscopic Photograph
7601,CDV
7601,Stereoscopic Photograph
7602,Stereoscopic Photograph
7603,Stereoscopic Photograph
7604,CDV
7604,Stereoscopic Photograph
7605,Stereoscopic Photograph
7606,CDV
7606,Stereoscopic Photograph
7607,Stereoscopic Photograph
7608,Stereoscopic Photograph
7610,CDV
7610,Stereoscopic Photograph
7612,CDV
7612,Stereoscopic Photograph
7613,Stereoscopic Photograph
7614,CDV
7614,Stereoscopic Photograph
7615,Stereoscopic Photograph
7616,Stereoscopic Photograph
7617,Stereoscopic Photograph
7618,Stereoscopic Photograph
7619,Stereoscopic Photograph
7620,Stereoscopic Photograph
7621,Stereoscopic Photograph
7622,Stereoscopic Photograph
7623,Stereoscopic Photograph
7624,Stereoscopic Photograph
7627,CDV
7627,Stereoscopic Photograph
7628,Stereoscopic Photograph
7629,Stereoscopic Photograph
7631,Stereoscopic Photograph
7633,Stereoscopic Photograph
7634,CDV
7634,Stereoscopic Photograph
7635,Stereoscopic Photograph
7636,CDV
7636,Stereoscopic Photograph
7638,Stereoscopic Photograph
7639,CDV
7639,Stereoscopic Photograph
7640,Stereoscopic Photograph
7641,CDV
7641,Stereoscopic Photograph
7642,Stereoscopic Photograph
7643,Stereoscopic Photograph
7644,Cabinet Card
7644,Stereoscopic Photograph
7645,Stereoscopic Photograph
7646,Stereoscopic Photograph
7647,Stereoscopic Photograph
7648,Stereoscopic Photograph
7649,Stereoscopic Photograph
7650,CDV
7650,Stereoscopic Photograph
7651,Stereoscopic Photograph
7652,Stereoscopic Photograph
7653,Stereoscopic Photograph
7654,CDV
7654,Stereoscopic Photograph
7655,Stereoscopic Photograph
7656,Stereoscopic Photograph
7657,Stereoscopic Photograph
7658,Stereoscopic Photograph
7659,Stereoscopic Photograph
7660,Stereoscopic Photograph
7661,Stereoscopic Photograph
7662,Stereoscopic Photograph
7664,Stereoscopic Photograph
7665,Stereoscopic Photograph
7668,Stereoscopic Photograph
7669,Stereoscopic Photograph
7670,Stereoscopic Photograph
7671,Stereoscopic Photograph
7672,Stereoscopic Photograph
7673,CDV
7673,Stereoscopic Photograph
7674,Stereoscopic Photograph
7675,Stereoscopic Photograph
7676,Stereoscopic Photograph
7677,Stereoscopic Photograph
7678,Stereoscopic Photograph
7682,Stereoscopic Photograph
7683,Stereoscopic Photograph
7684,Stereoscopic Photograph
7685,Stereoscopic Photograph
7686,Stereoscopic Photograph
7687,Stereoscopic Photograph
7688,Stereoscopic Photograph
7689,CDV
7689,Stereoscopic Photograph
7690,Stereoscopic Photograph
7692,Stereoscopic Photograph
7694,Stereoscopic Photograph
7695,Stereoscopic Photograph
7696,CDV
7696,Stereoscopic Photograph
7697,CDV
7697,Stereoscopic Photograph
7698,Stereoscopic Photograph
7699,CDV
7699,Stereoscopic Photograph
7700,CDV
7700,Stereoscopic Photograph
7701,Stereoscopic Photograph
7702,Stereoscopic Photograph
7703,Stereoscopic Photograph
7704,Cabinet Card
7704,Stereoscopic Photograph
7705,Stereoscopic Photograph
7706,Stereoscopic Photograph
7707,Stereoscopic Photograph
7708,Stereoscopic Photograph
7709,Stereoscopic Photograph
7710,Stereoscopic Photograph
7711,CDV
7711,Stereoscopic Photograph
7712,Stereoscopic Photograph
7713,Stereoscopic Photograph
7714,Stereoscopic Photograph
7715,Stereoscopic Photograph
7716,Stereoscopic Photograph
7717,Stereoscopic Photograph
7718,Stereoscopic Photograph
7719,Stereoscopic Photograph
7720,Stereoscopic Photograph
7721,Stereoscopic Photograph
7722,Stereoscopic Photograph
7724,Stereoscopic Photograph
7725,Stereoscopic Photograph
7726,Stereoscopic Photograph
7727,Stereoscopic Photograph
7729,Stereoscopic Photograph
7730,Stereoscopic Photograph
7731,CDV
7731,Stereoscopic Photograph
7733,Stereoscopic Photograph
7734,Stereoscopic Photograph
7735,Stereoscopic Photograph
7736,Stereoscopic Photograph
7738,Stereoscopic Photograph
7739,Stereoscopic Photograph
7741,Stereoscopic Photograph
7742,Stereoscopic Photograph
7743,Stereoscopic Photograph
7744,CDV
7744,Stereoscopic Photograph
7746,Stereoscopic Photograph
7747,Stereoscopic Photograph
7748,Stereoscopic Photograph
7749,Stereoscopic Photograph
7751,Stereoscopic Photograph
7752,Stereoscopic Photograph
7753,Stereoscopic Photograph
7754,Stereoscopic Photograph
7756,Stereoscopic Photograph
7757,Stereoscopic Photograph
7758,Stereoscopic Photograph
7759,Stereoscopic Photograph
7760,CDV
7760,Stereoscopic Photograph
7761,Stereoscopic Photograph
7762,Stereoscopic Photograph
7763,CDV
7763,Cabinet Card
7763,Stereoscopic Photograph
7764,Stereoscopic Photograph
7765,Stereoscopic Photograph
7766,Stereoscopic Photograph
7767,Stereoscopic Photograph
7768,Stereoscopic Photograph
7769,Stereoscopic Photograph
7770,CDV
7770,Stereoscopic Photograph
7771,Stereoscopic Photograph
7772,CDV
7772,Stereoscopic Photograph
7773,CDV
7773,Stereoscopic Photograph
7774,Stereoscopic Photograph
7775,Stereoscopic Photograph
7776,Stereoscopic Photograph
7777,Stereoscopic Photograph
7778,Stereoscopic Photograph
7779,Stereoscopic Photograph
7780,Stereoscopic Photograph
7782,Stereoscopic Photograph
7783,Stereoscopic Photograph
7784,Stereoscopic Photograph
7785,Cabinet Card
7785,Stereoscopic Photograph
7786,Stereoscopic Photograph
7787,Stereoscopic Photograph
7788,Stereoscopic Photograph
7789,Stereoscopic Photograph
7790,Stereoscopic Photograph
7791,Stereoscopic Photograph
7792,Stereoscopic Photograph
7793,Stereoscopic Photograph
7795,Stereoscopic Photograph
7797,Stereoscopic Photograph
7798,Stereoscopic Photograph
7799,Stereoscopic Photograph
7800,Stereoscopic Photograph
7801,Stereoscopic Photograph
7802,Stereoscopic Photograph
7803,Stereoscopic Photograph
7804,Stereoscopic Photograph
7805,Stereoscopic Photograph
7806,Stereoscopic Photograph
7808,CDV
7808,Stereoscopic Photograph
7809,Stereoscopic Photograph
7810,Stereoscopic Photograph
7811,CDV
7811,Stereoscopic Photograph
7812,Stereoscopic Photograph
7814,Stereoscopic Photograph
7815,Stereoscopic Photograph
7816,Stereoscopic Photograph
7817,Stereoscopic Photograph
7818,Stereoscopic Photograph
7819,CDV
7819,Cabinet Card
7819,Stereoscopic Photograph
7820,Stereoscopic Photograph
7822,Stereoscopic Photograph
7823,Stereoscopic Photograph
7824,Stereoscopic Photograph
7825,Stereoscopic Photograph
7826,Stereoscopic Photograph
7827,Stereoscopic Photograph
7828,CDV
7828,Stereoscopic Photograph
7829,Stereoscopic Photograph
7830,Stereoscopic Photograph
7831,CDV
7831,Stereoscopic Photograph
7832,Stereoscopic Photograph
7833,Stereoscopic Photograph
7834,Stereoscopic Photograph
7835,Stereoscopic Photograph
7836,Stereoscopic Photograph
7837,CDV
7837,Stereoscopic Photograph
7838,CDV
7838,Stereoscopic Photograph
7839,Stereoscopic Photograph
7840,Stereoscopic Photograph
7842,Stereoscopic Photograph
7846,Stereoscopic Photograph
7847,Stereoscopic Photograph
7848,Stereoscopic Photograph
7849,Stereoscopic Photograph
7850,Stereoscopic Photograph
7851,CDV
7851,Stereoscopic Photograph
7852,Stereoscopic Photograph
7853,Stereoscopic Photograph
7854,Stereoscopic Photograph
7855,Stereoscopic Photograph
7856,Stereoscopic Photograph
7857,Stereoscopic Photograph
7858,Stereoscopic Photograph
7859,Stereoscopic Photograph
7861,Stereoscopic Photograph
7862,Stereoscopic Photograph
7863,Stereoscopic Photograph
7864,Stereoscopic Photograph
7865,Stereoscopic Photograph
7866,Stereoscopic Photograph
7867,Stereoscopic Photograph
7868,Stereoscopic Photograph
7870,Stereoscopic Photograph
7871,Stereoscopic Photograph
7872,Stereoscopic Photograph
7873,Stereoscopic Photograph
7874,Stereoscopic Photograph
7875,Stereoscopic Photograph
7876,Stereoscopic Photograph
7877,Stereoscopic Photograph
7878,Stereoscopic Photograph
7879,Stereoscopic Photograph
7880,Stereoscopic Photograph
7881,Stereoscopic Photograph
7882,Stereoscopic Photograph
7883,Stereoscopic Photograph
7884,Stereoscopic Photograph
7885,Stereoscopic Photograph
7886,Stereoscopic Photograph
7887,Stereoscopic Photograph
7888,Stereoscopic Photograph
7889,CDV
7889,Stereoscopic Photograph
7891,Stereoscopic Photograph
7892,Stereoscopic Photograph
7894,Stereoscopic Photograph
7895,Stereoscopic Photograph
7896,Stereoscopic Photograph
7897,Stereoscopic Photograph
7899,Stereoscopic Photograph
7900,Stereoscopic Photograph
7901,Stereoscopic Photograph
7902,Stereoscopic Photograph
7903,Stereoscopic Photograph
7904,Stereoscopic Photograph
7905,Stereoscopic Photograph
7906,CDV
7906,Stereoscopic Photograph
7907,Stereoscopic Photograph
7908,Stereoscopic Photograph
7909,CDV
7909,Stereoscopic Photograph
7910,Stereoscopic Photograph
7911,Stereoscopic Photograph
7913,Stereoscopic Photograph
7914,Stereoscopic Photograph
7915,Stereoscopic Photograph
7916,Stereoscopic Photograph
7917,Stereoscopic Photograph
7918,Stereoscopic Photograph
7919,Stereoscopic Photograph
7920,Stereoscopic Photograph
7921,Stereoscopic Photograph
7922,Stereoscopic Photograph
7923,Stereoscopic Photograph
7924,Stereoscopic Photograph
7925,CDV
7925,Stereoscopic Photograph
7926,Stereoscopic Photograph
7927,Stereoscopic Photograph
7930,Stereoscopic Photograph
7931,Stereoscopic Photograph
7932,CDV
7932,Stereoscopic Photograph
7933,Stereoscopic Photograph
7934,Stereoscopic Photograph
7935,Stereoscopic Photograph
7936,Stereoscopic Photograph
7937,CDV
7937,Stereoscopic Photograph
7938,CDV
7938,Stereoscopic Photograph
7939,Stereoscopic Photograph
7940,CDV
7940,Stereoscopic Photograph
7941,Stereoscopic Photograph
7942,Stereoscopic Photograph
7943,Stereoscopic Photograph
7944,Stereoscopic Photograph
7945,Stereoscopic Photograph
7946,Stereoscopic Photograph
7947,CDV
7947,Stereoscopic Photograph
7948,Stereoscopic Photograph
7949,Stereoscopic Photograph
7950,Stereoscopic Photograph
7951,Stereoscopic Photograph
7952,Stereoscopic Photograph
7953,Stereoscopic Photograph
7954,CDV
7954,Stereoscopic Photograph
7955,Stereoscopic Photograph
7957,Stereoscopic Photograph
7958,Stereoscopic Photograph
7959,Stereoscopic Photograph
7960,Stereoscopic Photograph
7961,Stereoscopic Photograph
7962,Cabinet Card
7962,Stereoscopic Photograph
7963,Stereoscopic Photograph
7964,CDV
7964,Stereoscopic Photograph
7965,Stereoscopic Photograph
7966,Stereoscopic Photograph
7967,Stereoscopic Photograph
7968,Stereoscopic Photograph
7970,Stereoscopic Photograph
7971,Stereoscopic Photograph
7972,Stereoscopic Photograph
7973,Stereoscopic Photograph
7974,Stereoscopic Photograph
7975,Stereoscopic Photograph
7976,CDV
7976,Stereoscopic Photograph
7977,Stereoscopic Photograph
7978,Stereoscopic Photograph
7979,Stereoscopic Photograph
7980,Stereoscopic Photograph
7981,Stereoscopic Photograph
7982,Stereoscopic Photograph
7983,CDV
7983,Stereoscopic Photograph
7984,Stereoscopic Photograph
7985,Stereoscopic Photograph
7986,Stereoscopic Photograph
7987,Stereoscopic Photograph
7988,Stereoscopic Photograph
7989,Stereoscopic Photograph
7990,Stereoscopic Photograph
7991,Stereoscopic Photograph
7992,Stereoscopic Photograph
7993,Stereoscopic Photograph
7994,Stereoscopic Photograph
7995,CDV
7995,Stereoscopic Photograph
7996,Cabinet Card
7996,Stereoscopic Photograph
7997,Stereoscopic Photograph
7998,Stereoscopic Photograph
7999,Stereoscopic Photograph
8000,Stereoscopic Photograph
8001,Stereoscopic Photograph
8002,CDV
8002,Stereoscopic Photograph
8003,Stereoscopic Photograph
8004,Stereoscopic Photograph
8005,Stereoscopic Photograph
8006,Stereoscopic Photograph
8008,Stereoscopic Photograph
8009,CDV
8009,Stereoscopic Photograph
8010,Stereoscopic Photograph
8011,Stereoscopic Photograph
8012,Stereoscopic Photograph
8014,Stereoscopic Photograph
8015,Stereoscopic Photograph
8016,CDV
8016,Stereoscopic Photograph
8017,Stereoscopic Photograph
8018,Stereoscopic Photograph
8019,Stereoscopic Photograph
8020,CDV
8020,Stereoscopic Photograph
8021,CDV
8021,Stereoscopic Photograph
8022,Stereoscopic Photograph
8023,Stereoscopic Photograph
8024,Stereoscopic Photograph
8026,Stereoscopic Photograph
8027,Stereoscopic Photograph
8028,Stereoscopic Photograph
8030,Stereoscopic Photograph
8031,Stereoscopic Photograph
8032,Stereoscopic Photograph
8033,Stereoscopic Photograph
8034,Stereoscopic Photograph
8035,Stereoscopic Photograph
8036,Stereoscopic Photograph
8037,Stereoscopic Photograph
8038,Stereoscopic Photograph
8039,Stereoscopic Photograph
8040,Stereoscopic Photograph
8041,Stereoscopic Photograph
8042,Stereoscopic Photograph
8043,Stereoscopic Photograph
8045,Stereoscopic Photograph
8046,CDV
8046,Stereoscopic Photograph
8049,Stereoscopic Photograph
8050,CDV
8050,Stereoscopic Photograph
8051,Stereoscopic Photograph
8053,Stereoscopic Photograph
8054,Stereoscopic Photograph
8055,Stereoscopic Photograph
8056,Stereoscopic Photograph
8057,Stereoscopic Photograph
8058,Stereoscopic Photograph
8059,Stereoscopic Photograph
8060,Stereoscopic Photograph
8061,CDV
8061,Stereoscopic Photograph
8062,Stereoscopic Photograph
8063,Stereoscopic Photograph
8064,Stereoscopic Photograph
8065,Stereoscopic Photograph
8066,Stereoscopic Photograph
8067,Stereoscopic Photograph
8068,Stereoscopic Photograph
8069,Stereoscopic Photograph
8070,Stereoscopic Photograph
8071,Stereoscopic Photograph
8072,Stereoscopic Photograph
8073,Stereoscopic Photograph
8074,Stereoscopic Photograph
8075,Stereoscopic Photograph
8076,Stereoscopic Photograph
8077,Stereoscopic Photograph
8078,Cabinet Card
8078,Stereoscopic Photograph
8079,Stereoscopic Photograph
8080,Stereoscopic Photograph
8082,CDV
8082,Stereoscopic Photograph
8082,Stereoscopic Photograph
8083,Stereoscopic Photograph
8085,Stereoscopic Photograph
8086,Stereoscopic Photograph
8089,Stereoscopic Photograph
8090,Stereoscopic Photograph
8091,Stereoscopic Photograph
8092,Stereoscopic Photograph
8093,CDV
8093,Stereoscopic Photograph
8094,Stereoscopic Photograph
8095,Stereoscopic Photograph
8096,Stereoscopic Photograph
8097,CDV
8097,CDV
8097,Stereoscopic Photograph
8098,Stereoscopic Photograph
8099,Stereoscopic Photograph
8100,Stereoscopic Photograph
8101,CDV
8101,Stereoscopic Photograph
8102,Stereoscopic Photograph
8103,Stereoscopic Photograph
8104,Stereoscopic Photograph
8105,Stereoscopic Photograph
8106,Stereoscopic Photograph
8107,Stereoscopic Photograph
8108,Stereoscopic Photograph
8109,Stereoscopic Photograph
8110,Stereoscopic Photograph
8111,Stereoscopic Photograph
8112,Stereoscopic Photograph
8113,Stereoscopic Photograph
8114,Stereoscopic Photograph
8115,Stereoscopic Photograph
8116,Stereoscopic Photograph
8117,Stereoscopic Photograph
8118,Stereoscopic Photograph
8119,Stereoscopic Photograph
8120,Stereoscopic Photograph
8121,Stereoscopic Photograph
8122,CDV
8122,Cabinet Card
8122,Stereoscopic Photograph
8124,Stereoscopic Photograph
8125,Stereoscopic Photograph
8126,Stereoscopic Photograph
8127,Stereoscopic Photograph
8128,Stereoscopic Photograph
8129,Stereoscopic Photograph
8130,Stereoscopic Photograph
8131,Stereoscopic Photograph
8132,Stereoscopic Photograph
8133,CDV
8133,Stereoscopic Photograph
8134,Stereoscopic Photograph
8137,CDV
8137,Stereoscopic Photograph
8138,Stereoscopic Photograph
8140,CDV
8140,Stereoscopic Photograph
8141,Stereoscopic Photograph
8142,CDV
8142,Stereoscopic Photograph
8143,CDV
8143,Stereoscopic Photograph
8144,Stereoscopic Photograph
8145,Stereoscopic Photograph
8146,Stereoscopic Photograph
8147,Stereoscopic Photograph
8148,CDV
8148,Stereoscopic Photograph
8149,Stereoscopic Photograph
8150,Stereoscopic Photograph
8151,Stereoscopic Photograph
8152,Stereoscopic Photograph
8153,Stereoscopic Photograph
8154,Stereoscopic Photograph
8155,CDV
8155,Stereoscopic Photograph
8156,Stereoscopic Photograph
8157,Stereoscopic Photograph
8158,Stereoscopic Photograph
8159,Stereoscopic Photograph
8160,Stereoscopic Photograph
8161,Stereoscopic Photograph
8162,Stereoscopic Photograph
8163,Stereoscopic Photograph
8164,Stereoscopic Photograph
8165,Stereoscopic Photograph
8166,Stereoscopic Photograph
8167,Stereoscopic Photograph
8168,CDV
8168,Stereoscopic Photograph
8169,Stereoscopic Photograph
8170,Stereoscopic Photograph
8171,Stereoscopic Photograph
8172,Stereoscopic Photograph
8173,Stereoscopic Photograph
8174,Stereoscopic Photograph
8175,CDV
8175,CDV
8175,Stereoscopic Photograph
8176,Stereoscopic Photograph
8177,Stereoscopic Photograph
8179,CDV
8179,Stereoscopic Photograph
8180,Stereoscopic Photograph
8181,Stereoscopic Photograph
8182,Stereoscopic Photograph
8183,Stereoscopic Photograph
8184,Stereoscopic Photograph
8185,Stereoscopic Photograph
8186,CDV
8186,Stereoscopic Photograph
8187,Stereoscopic Photograph
8188,CDV
8188,Stereoscopic Photograph
8190,Stereoscopic Photograph
8191,Stereoscopic Photograph
8192,Stereoscopic Photograph
8193,Stereoscopic Photograph
8194,Stereoscopic Photograph
8195,Stereoscopic Photograph
8197,Stereoscopic Photograph
8199,Stereoscopic Photograph
8200,Stereoscopic Photograph
8201,Stereoscopic Photograph
8202,Stereoscopic Photograph
8203,Stereoscopic Photograph
8204,Stereoscopic Photograph
8205,Stereoscopic Photograph
8206,Stereoscopic Photograph
8207,Stereoscopic Photograph
8208,Stereoscopic Photograph
8209,Stereoscopic Photograph
8210,Stereoscopic Photograph
8211,Stereoscopic Photograph
8212,Stereoscopic Photograph
8213,CDV
8213,Stereoscopic Photograph
8214,Stereoscopic Photograph
8215,Stereoscopic Photograph
8216,CDV
8216,Stereoscopic Photograph
8217,Stereoscopic Photograph
8218,Stereoscopic Photograph
8219,Stereoscopic Photograph
8220,Stereoscopic Photograph
8221,CDV
8221,Cabinet Card
8221,Stereoscopic Photograph
8222,CDV
8222,Stereoscopic Photograph
8223,Stereoscopic Photograph
8224,Stereoscopic Photograph
8224,Stereoscopic Photograph
8225,Stereoscopic Photograph
8226,CDV
8226,Stereoscopic Photograph
8227,Stereoscopic Photograph
8228,Stereoscopic Photograph
8229,Stereoscopic Photograph
8231,Stereoscopic Photograph
8232,Stereoscopic Photograph
8233,CDV
8233,Stereoscopic Photograph
8234,Stereoscopic Photograph
8235,CDV
8235,Stereoscopic Photograph
8236,Stereoscopic Photograph
8237,Stereoscopic Photograph
8238,Stereoscopic Photograph
8239,Stereoscopic Photograph
8240,Stereoscopic Photograph
8241,Stereoscopic Photograph
8242,Stereoscopic Photograph
8243,Stereoscopic Photograph
8244,Stereoscopic Photograph
8245,Stereoscopic Photograph
8246,Stereoscopic Photograph
8247,CDV
8247,Stereoscopic Photograph
8248,Stereoscopic Photograph
8249,Stereoscopic Photograph
8251,Stereoscopic Photograph
8252,Stereoscopic Photograph
8253,Stereoscopic Photograph
8254,Stereoscopic Photograph
8255,Stereoscopic Photograph
8256,CDV
8256,Stereoscopic Photograph
8257,Stereoscopic Photograph
8258,Stereoscopic Photograph
8259,Stereoscopic Photograph
8260,Stereoscopic Photograph
8261,Stereoscopic Photograph
8263,Stereoscopic Photograph
8264,Stereoscopic Photograph
8265,Stereoscopic Photograph
8266,CDV
8266,Stereoscopic Photograph
8267,Stereoscopic Photograph
8268,Stereoscopic Photograph
8269,Stereoscopic Photograph
8270,Stereoscopic Photograph
8271,Stereoscopic Photograph
8272,Stereoscopic Photograph
8273,Stereoscopic Photograph
8275,Stereoscopic Photograph
8276,CDV
8276,Stereoscopic Photograph
8277,Stereoscopic Photograph
8278,Stereoscopic Photograph
8279,CDV
8279,Stereoscopic Photograph
8281,Stereoscopic Photograph
8282,Stereoscopic Photograph
8283,CDV
8283,Stereoscopic Photograph
8284,Stereoscopic Photograph
8285,Stereoscopic Photograph
8286,Stereoscopic Photograph
8287,CDV
8287,Stereoscopic Photograph
8288,CDV
8288,Stereoscopic Photograph
8289,Stereoscopic Photograph
8290,CDV
8290,Stereoscopic Photograph
8291,Stereoscopic Photograph
8292,Stereoscopic Photograph
8293,Stereoscopic Photograph
8294,Stereoscopic Photograph
8295,Stereoscopic Photograph
8296,Stereoscopic Photograph
8297,Stereoscopic Photograph
8298,CDV
8298,Stereoscopic Photograph
8299,Stereoscopic Photograph
8300,CDV
8300,Stereoscopic Photograph
8302,Stereoscopic Photograph
8303,Stereoscopic Photograph
8304,Stereoscopic Photograph
8306,Stereoscopic Photograph
8307,Stereoscopic Photograph
8308,Stereoscopic Photograph
8309,Stereoscopic Photograph
8310,Stereoscopic Photograph
8312,Stereoscopic Photograph
8313,Stereoscopic Photograph
8314,Stereoscopic Photograph
8315,Stereoscopic Photograph
8316,Stereoscopic Photograph
8318,Stereoscopic Photograph
8319,CDV
8319,Stereoscopic Photograph
8320,Stereoscopic Photograph
8321,Stereoscopic Photograph
8322,Stereoscopic Photograph
8323,Stereoscopic Photograph
8324,Stereoscopic Photograph
8325,Stereoscopic Photograph
8326,Stereoscopic Photograph
8327,Stereoscopic Photograph
8328,Stereoscopic Photograph
8329,Stereoscopic Photograph
8330,Stereoscopic Photograph
8331,Stereoscopic Photograph
8332,Stereoscopic Photograph
8334,Stereoscopic Photograph
8335,Stereoscopic Photograph
8336,Stereoscopic Photograph
8337,Stereoscopic Photograph
8338,CDV
8338,Stereoscopic Photograph
8339,CDV
8339,Stereoscopic Photograph
8340,Stereoscopic Photograph
8341,Stereoscopic Photograph
8342,CDV
8342,Stereoscopic Photograph
8343,Stereoscopic Photograph
8344,Stereoscopic Photograph
8345,Cabinet Card
8345,Stereoscopic Photograph
8346,Stereoscopic Photograph
8347,Stereoscopic Photograph
8348,Stereoscopic Photograph
8349,Stereoscopic Photograph
8350,CDV
8350,CDV
8350,Stereoscopic Photograph
8351,Stereoscopic Photograph
8352,Stereoscopic Photograph
8353,Stereoscopic Photograph
8354,Stereoscopic Photograph
8355,Stereoscopic Photograph
8356,CDV
8356,Stereoscopic Photograph
8357,Stereoscopic Photograph
8358,Stereoscopic Photograph
8359,Stereoscopic Photograph
8360,Stereoscopic Photograph
8361,Stereoscopic Photograph
8362,Stereoscopic Photograph
8363,Stereoscopic Photograph
8364,Stereoscopic Photograph
8365,Stereoscopic Photograph
8366,Stereoscopic Photograph
8367,Stereoscopic Photograph
8368,Stereoscopic Photograph
8369,CDV
8369,Stereoscopic Photograph
8370,Stereoscopic Photograph
8371,Stereoscopic Photograph
8372,Stereoscopic Photograph
8373,Stereoscopic Photograph
8374,Stereoscopic Photograph
8375,Stereoscopic Photograph
8376,CDV
8376,Stereoscopic Photograph
8377,Stereoscopic Photograph
8378,Stereoscopic Photograph
8381,Stereoscopic Photograph
8382,Stereoscopic Photograph
8383,Stereoscopic Photograph
8384,Stereoscopic Photograph
8385,Stereoscopic Photograph
8386,CDV
8386,Stereoscopic Photograph
8387,CDV
8387,CDV
8387,Stereoscopic Photograph
8388,Stereoscopic Photograph
8389,Stereoscopic Photograph
8390,Stereoscopic Photograph
8391,Stereoscopic Photograph
8392,Stereoscopic Photograph
8393,CDV
8393,Stereoscopic Photograph
8394,Stereoscopic Photograph
8395,Stereoscopic Photograph
8396,Stereoscopic Photograph
8397,Stereoscopic Photograph
8398,Stereoscopic Photograph
8400,Stereoscopic Photograph
8401,Stereoscopic Photograph
8403,Stereoscopic Photograph
8404,CDV
8404,Stereoscopic Photograph
8405,Stereoscopic Photograph
8406,Stereoscopic Photograph
8407,CDV
8407,Stereoscopic Photograph
8408,Stereoscopic Photograph
8409,Stereoscopic Photograph
8410,Stereoscopic Photograph
8411,Stereoscopic Photograph
8412,Stereoscopic Photograph
8413,Stereoscopic Photograph
8414,Stereoscopic Photograph
8415,Stereoscopic Photograph
8416,Stereoscopic Photograph
8417,Stereoscopic Photograph
8418,Stereoscopic Photograph
8419,Stereoscopic Photograph
8420,Stereoscopic Photograph
8421,Stereoscopic Photograph
8422,Stereoscopic Photograph
8423,CDV
8423,Cabinet Card
8423,Stereoscopic Photograph
8424,Stereoscopic Photograph
8425,Stereoscopic Photograph
8426,Stereoscopic Photograph
8427,CDV
8427,Stereoscopic Photograph
8428,Stereoscopic Photograph
8429,Stereoscopic Photograph
8430,CDV
8430,Stereoscopic Photograph
8431,Stereoscopic Photograph
8432,Stereoscopic Photograph
8433,CDV
8433,Cabinet Card
8433,Stereoscopic Photograph
8434,Stereoscopic Photograph
8435,Stereoscopic Photograph
8436,Stereoscopic Photograph
8437,CDV
8437,Stereoscopic Photograph
8438,Stereoscopic Photograph
8439,CDV
8439,Stereoscopic Photograph
8440,Stereoscopic Photograph
8441,Stereoscopic Photograph
8442,Stereoscopic Photograph
8443,Stereoscopic Photograph
8444,Stereoscopic Photograph
8445,Stereoscopic Photograph
8446,Stereoscopic Photograph
8447,Stereoscopic Photograph
8448,Stereoscopic Photograph
8449,CDV
8449,Stereoscopic Photograph
8450,CDV
8450,Stereoscopic Photograph
8451,Stereoscopic Photograph
8452,CDV
8452,Stereoscopic Photograph
8453,Stereoscopic Photograph
8454,Stereoscopic Photograph
8455,Stereoscopic Photograph
8456,Stereoscopic Photograph
8457,Stereoscopic Photograph
8458,CDV
8458,Stereoscopic Photograph
8459,Stereoscopic Photograph
8460,Stereoscopic Photograph
8461,Stereoscopic Photograph
8462,CDV
8462,Stereoscopic Photograph
8463,Stereoscopic Photograph
8464,Cabinet Card
8464,Stereoscopic Photograph
8465,Stereoscopic Photograph
8466,Stereoscopic Photograph
8467,Stereoscopic Photograph
8468,Stereoscopic Photograph
8471,Stereoscopic Photograph
8472,Stereoscopic Photograph
8473,Stereoscopic Photograph
8474,Stereoscopic Photograph
8475,Stereoscopic Photograph
8476,Stereoscopic Photograph
8477,CDV
8477,Cabinet Card
8477,Stereoscopic Photograph
8478,Stereoscopic Photograph
8480,Stereoscopic Photograph
8481,Stereoscopic Photograph
8482,Stereoscopic Photograph
8483,Stereoscopic Photograph
8484,Stereoscopic Photograph
8486,CDV
8486,Stereoscopic Photograph
8487,CDV
8487,Stereoscopic Photograph
8489,CDV
8489,Stereoscopic Photograph
8490,Stereoscopic Photograph
8491,Stereoscopic Photograph
8492,CDV
8492,Stereoscopic Photograph
8493,Stereoscopic Photograph
8494,Stereoscopic Photograph
8495,Stereoscopic Photograph
8496,Stereoscopic Photograph
8497,Stereoscopic Photograph
8498,Stereoscopic Photograph
8499,Stereoscopic Photograph
8500,Stereoscopic Photograph
8501,Stereoscopic Photograph
8502,Stereoscopic Photograph
8503,Stereoscopic Photograph
8504,Stereoscopic Photograph
8505,Stereoscopic Photograph
8506,CDV
8506,Stereoscopic Photograph
8507,CDV
8507,Stereoscopic Photograph
8508,CDV
8508,CDV
8508,Stereoscopic Photograph
8509,Stereoscopic Photograph
8510,Stereoscopic Photograph
8511,Stereoscopic Photograph
8512,Stereoscopic Photograph
8513,Stereoscopic Photograph
8514,CDV
8514,Stereoscopic Photograph
8515,Stereoscopic Photograph
8516,Stereoscopic Photograph
8517,Stereoscopic Photograph
8518,Stereoscopic Photograph
8519,Stereoscopic Photograph
8520,Stereoscopic Photograph
8521,CDV
8521,Stereoscopic Photograph
8522,Stereoscopic Photograph
8524,Stereoscopic Photograph
8525,Stereoscopic Photograph
8526,CDV
8526,Stereoscopic Photograph
8527,Stereoscopic Photograph
8528,CDV
8528,Stereoscopic Photograph
8529,CDV
8529,Stereoscopic Photograph
8530,Stereoscopic Photograph
8531,Stereoscopic Photograph
8532,Stereoscopic Photograph
8533,Stereoscopic Photograph
8534,Stereoscopic Photograph
8535,Stereoscopic Photograph
8536,Stereoscopic Photograph
8537,Stereoscopic Photograph
8538,Stereoscopic Photograph
8540,CDV
8540,Cabinet Card
8540,Stereoscopic Photograph
8542,CDV
8542,Stereoscopic Photograph
8543,Stereoscopic Photograph
8544,Stereoscopic Photograph
8545,Stereoscopic Photograph
8546,CDV
8546,Stereoscopic Photograph
8547,Stereoscopic Photograph
8548,Stereoscopic Photograph
8549,CDV
8549,Stereoscopic Photograph
8550,Stereoscopic Photograph
8552,Stereoscopic Photograph
8553,Stereoscopic Photograph
8554,Stereoscopic Photograph
8555,Stereoscopic Photograph
8557,Stereoscopic Photograph
8558,Stereoscopic Photograph
8559,Stereoscopic Photograph
8560,Stereoscopic Photograph
8561,Stereoscopic Photograph
8563,Stereoscopic Photograph
8565,Stereoscopic Photograph
8566,Stereoscopic Photograph
8567,Stereoscopic Photograph
8568,Stereoscopic Photograph
8570,Stereoscopic Photograph
8571,Stereoscopic Photograph
8576,Stereoscopic Photograph
8578,Stereoscopic Photograph
8579,Stereoscopic Photograph
8580,Stereoscopic Photograph
8581,Stereoscopic Photograph
8582,Stereoscopic Photograph
8583,Stereoscopic Photograph
8584,Stereoscopic Photograph
8585,Stereoscopic Photograph
8586,Stereoscopic Photograph
8588,Stereoscopic Photograph
8590,Stereoscopic Photograph
8591,Stereoscopic Photograph
8592,CDV
8592,Cabinet Card
8592,Stereoscopic Photograph
8593,Stereoscopic Photograph
8595,Stereoscopic Photograph
8596,Stereoscopic Photograph
8597,Stereoscopic Photograph
8598,Stereoscopic Photograph
8599,Stereoscopic Photograph
8600,Stereoscopic Photograph
8601,Stereoscopic Photograph
8602,Stereoscopic Photograph
8603,Stereoscopic Photograph
8604,Stereoscopic Photograph
8605,Stereoscopic Photograph
8606,Stereoscopic Photograph
8607,Stereoscopic Photograph
8608,Stereoscopic Photograph
8609,Stereoscopic Photograph
8610,Stereoscopic Photograph
8611,Stereoscopic Photograph
8612,Stereoscopic Photograph
8614,Stereoscopic Photograph
8615,Stereoscopic Photograph
8616,Stereoscopic Photograph
8617,Stereoscopic Photograph
8618,Stereoscopic Photograph
8620,Stereoscopic Photograph
8621,Stereoscopic Photograph
8622,CDV
8622,Stereoscopic Photograph
8623,Stereoscopic Photograph
8624,Stereoscopic Photograph
8625,Stereoscopic Photograph
8626,Stereoscopic Photograph
8627,Stereoscopic Photograph
8628,Stereoscopic Photograph
8629,CDV
8629,Stereoscopic Photograph
8630,CDV
8630,Stereoscopic Photograph
8631,Stereoscopic Photograph
8632,Stereoscopic Photograph
8633,Stereoscopic Photograph
8634,Stereoscopic Photograph
8635,Stereoscopic Photograph
8636,Stereoscopic Photograph
8637,Stereoscopic Photograph
8638,Stereoscopic Photograph
8639,CDV
8639,Stereoscopic Photograph
8640,Stereoscopic Photograph
8641,Stereoscopic Photograph
8642,Stereoscopic Photograph
8643,Stereoscopic Photograph
8644,Stereoscopic Photograph
8645,Stereoscopic Photograph
8646,Stereoscopic Photograph
8647,Stereoscopic Photograph
8648,Stereoscopic Photograph
8649,Stereoscopic Photograph
8650,Stereoscopic Photograph
8651,Stereoscopic Photograph
8652,Stereoscopic Photograph
8653,Stereoscopic Photograph
8654,Stereoscopic Photograph
8656,Stereoscopic Photograph
8657,Stereoscopic Photograph
8658,Stereoscopic Photograph
8659,Stereoscopic Photograph
8660,CDV
8660,Stereoscopic Photograph
8661,Stereoscopic Photograph
8662,Stereoscopic Photograph
8663,Stereoscopic Photograph
8664,Stereoscopic Photograph
8666,Stereoscopic Photograph
8667,Stereoscopic Photograph
8668,Stereoscopic Photograph
8669,Stereoscopic Photograph
8670,Stereoscopic Photograph
8671,Stereoscopic Photograph
8672,Stereoscopic Photograph
8673,Stereoscopic Photograph
8674,Stereoscopic Photograph
8675,Stereoscopic Photograph
8676,Stereoscopic Photograph
8677,Stereoscopic Photograph
8679,Stereoscopic Photograph
8680,Stereoscopic Photograph
8681,Stereoscopic Photograph
8682,Stereoscopic Photograph
8683,CDV
8683,Stereoscopic Photograph
8684,Stereoscopic Photograph
8685,Stereoscopic Photograph
8686,CDV
8686,Stereoscopic Photograph
8687,CDV
8687,Stereoscopic Photograph
8688,Stereoscopic Photograph
8689,Stereoscopic Photograph
8690,Stereoscopic Photograph
8692,Stereoscopic Photograph
8693,Stereoscopic Photograph
8694,Stereoscopic Photograph
8695,Stereoscopic Photograph
8696,CDV
8696,Stereoscopic Photograph
8697,Stereoscopic Photograph
8698,Stereoscopic Photograph
8699,Stereoscopic Photograph
8700,Stereoscopic Photograph
8701,Stereoscopic Photograph
8702,Stereoscopic Photograph
8703,CDV
8703,Stereoscopic Photograph
8704,Stereoscopic Photograph
8705,Stereoscopic Photograph
8706,Stereoscopic Photograph
8707,CDV
8707,Stereoscopic Photograph
8708,Stereoscopic Photograph
8709,Stereoscopic Photograph
8710,Stereoscopic Photograph
8711,CDV
8711,Stereoscopic Photograph
8712,Stereoscopic Photograph
8713,CDV
8713,Stereoscopic Photograph
8714,Stereoscopic Photograph
8715,CDV
8715,Cabinet Card
8715,Stereoscopic Photograph
8716,Stereoscopic Photograph
8717,CDV
8717,CDV
8717,Cabinet Card
8717,Stereoscopic Photograph
8718,CDV
8718,Stereoscopic Photograph
8719,Stereoscopic Photograph
8720,Stereoscopic Photograph
8721,Stereoscopic Photograph
8722,Stereoscopic Photograph
8723,CDV
8723,Stereoscopic Photograph
8724,Stereoscopic Photograph
8725,Stereoscopic Photograph
8726,Stereoscopic Photograph
8727,Stereoscopic Photograph
8728,CDV
8728,Stereoscopic Photograph
8729,Stereoscopic Photograph
8730,Stereoscopic Photograph
8731,Stereoscopic Photograph
8732,Stereoscopic Photograph
8733,Stereoscopic Photograph
8734,Stereoscopic Photograph
8735,Stereoscopic Photograph
8736,Stereoscopic Photograph
8737,Stereoscopic Photograph
8739,CDV
8739,Cabinet Card
8739,Stereoscopic Photograph
8740,CDV
8740,Stereoscopic Photograph
8741,Stereoscopic Photograph
8742,Stereoscopic Photograph
8743,Stereoscopic Photograph
8744,Stereoscopic Photograph
8746,Stereoscopic Photograph
8747,Stereoscopic Photograph
8748,Stereoscopic Photograph
8749,Stereoscopic Photograph
8750,Stereoscopic Photograph
8751,Stereoscopic Photograph
8752,CDV
8752,Stereoscopic Photograph
8753,Stereoscopic Photograph
8754,CDV
8754,Stereoscopic Photograph
8755,Stereoscopic Photograph
8756,Stereoscopic Photograph
8758,Stereoscopic Photograph
8759,Stereoscopic Photograph
8761,Stereoscopic Photograph
8762,Stereoscopic Photograph
8763,Stereoscopic Photograph
8765,Stereoscopic Photograph
8766,Stereoscopic Photograph
8767,Stereoscopic Photograph
8768,Stereoscopic Photograph
8769,Stereoscopic Photograph
8770,CDV
8770,Cabinet Card
8770,Stereoscopic Photograph
8771,Stereoscopic Photograph
8772,Stereoscopic Photograph
8773,Stereoscopic Photograph
8774,Stereoscopic Photograph
8775,Stereoscopic Photograph
8776,CDV
8776,Stereoscopic Photograph
8777,Stereoscopic Photograph
8778,Stereoscopic Photograph
8779,CDV
8779,Stereoscopic Photograph
8780,Stereoscopic Photograph
8785,Stereoscopic Photograph
8786,Stereoscopic Photograph
8788,Stereoscopic Photograph
8789,Stereoscopic Photograph
8828,CDV
8828,Stereoscopic Photograph
8830,Stereoscopic Photograph
8831,Stereoscopic Photograph
8834,Stereoscopic Photograph
8835,Stereoscopic Photograph
8836,Stereoscopic Photograph
8837,Stereoscopic Photograph
8838,Stereoscopic Photograph
8841,CDV
8841,Stereoscopic Photograph
8842,Stereoscopic Photograph
8844,Stereoscopic Photograph
8846,Stereoscopic Photograph
8848,CDV
8848,Stereoscopic Photograph
8849,Stereoscopic Photograph
8850,Stereoscopic Photograph
8851,Stereoscopic Photograph
8857,Cabinet Card
8858,CDV
8858,Cabinet Card
8859,CDV
8859,Cabinet Card
8860,Cabinet Card
8861,CDV
8861,Cabinet Card
8862,Cabinet Card
8863,Cabinet Card
8864,Cabinet Card
8865,Cabinet Card
8870,Stereoscopic Photograph
8874,CDV
8876,Cabinet Card
8877,Cabinet Card
8878,Cabinet Card
8879,CDV
8880,Cabinet Card
8883,CDV
8887,Cabinet Card
8890,Cabinet Card
8892,CDV
8894,CDV
8895,CDV
8895,Cabinet Card
8896,Cabinet Card
8898,CDV
8899,Cabinet Card
8905,Cabinet Card
8907,Cabinet Card
8909,CDV
8910,Cabinet Card
8911,Cabinet Card
8913,Cabinet Card
8914,CDV
8914,Cabinet Card
8916,CDV
8916,Cabinet Card
8917,Cabinet Card
8918,Cabinet Card
8919,CDV
8919,Cabinet Card
8920,Cabinet Card
8921,Cabinet Card
8922,Cabinet Card
8923,Cabinet Card
8923,Stereoscopic Photograph
8925,Cabinet Card
8927,CDV
8927,CDV
8929,CDV
8930,CDV
8934,CDV
8935,CDV
8935,Stereoscopic Photograph
8937,Cabinet Card
8941,Cabinet Card
8943,Cabinet Card
8944,CDV
8945,Cabinet Card
8946,Cabinet Card
8948,CDV
8951,CDV
8952,Cabinet Card
8953,Cabinet Card
8954,CDV
8957,Cabinet Card
8959,Cabinet Card
8963,CDV
8964,CDV
8965,CDV
8966,CDV
8969,CDV
8970,CDV
8973,CDV
8986,CDV
8988,Stereoscopic Photograph
8989,Stereoscopic Photograph
8991,Stereoscopic Photograph
8994,Stereoscopic Photograph
9035,Stereoscopic Photograph
9041,CDV
9042,CDV
9043,CDV
9044,CDV
9045,CDV
9045,Cabinet Card
9046,CDV
9047,CDV
9081,CDV
9130,Cabinet Card
9133,Stereoscopic Photograph
9165,Cabinet Card
9168,Cabinet Card
9171,CDV
9171,Cabinet Card
9192,CDV
9192,Cabinet Card
9285,Cabinet Card
9300,CDV
9300,Cabinet Card
9322,CDV
9322,Stereoscopic Photograph
9330,CDV
9354,CDV
9357,CDV
9357,Cabinet Card
9427,Cabinet Card
9428,Cabinet Card
9450,Stereoscopic Photograph
9451,Cabinet Card
9452,CDV
9452,Stereoscopic Photograph
9453,CDV
9508,Stereoscopic Photograph
9528,CDV
9548,Cabinet Card
9593,CDV
9593,Stereoscopic Photograph
9663,Stereoscopic Photograph
9788,CDV
9890,Stereoscopic Photograph
10010,Stereoscopic Photograph
10104,Stereoscopic Photograph
10459,CDV
10459,Stereoscopic Photograph
10714,CDV
10788,CDV
10814,Stereoscopic Photograph
10815,Stereoscopic Photograph
10818,CDV
10818,Stereoscopic Photograph
10821,Stereoscopic Photograph
10832,CDV
10832,CDV
10839,Cabinet Card
10844,CDV
10920,Cabinet Card
11316,CDV
11316,Stereoscopic Photograph
12089,CDV
12426,CDV
12464,CDV
12587,CDV
12650,CDV
12650,Cabinet Card
13354,Stereoscopic Photograph
13520,Cabinet Card
13539,Stereoscopic Photograph
13540,Stereoscopic Photograph
13541,Stereoscopic Photograph
13592,Stereoscopic Photograph
13606,Stereoscopic Photograph
13607,Stereoscopic Photograph
13608,Stereoscopic Photograph
13616,Stereoscopic Photograph
13617,Stereoscopic Photograph
13618,Stereoscopic Photograph
13619,CDV
13619,Stereoscopic Photograph
13620,Stereoscopic Photograph
13621,Stereoscopic Photograph
13622,Stereoscopic Photograph
13626,Stereoscopic Photograph
13627,CDV
13627,Stereoscopic Photograph
13639,Stereoscopic Photograph
13640,Stereoscopic Photograph
13641,Stereoscopic Photograph
13642,CDV
13642,Stereoscopic Photograph
13643,Stereoscopic Photograph
13644,Stereoscopic Photograph
13645,Stereoscopic Photograph
13646,Stereoscopic Photograph
13647,Stereoscopic Photograph
13648,Stereoscopic Photograph
13649,Stereoscopic Photograph
13650,Stereoscopic Photograph
13752,CDV
13877,CDV
13959,CDV
14246,CDV
14306,CDV
14831,Cabinet Card
14895,Cabinet Card
15403,CDV
15404,CDV
15408,CDV
15409,CDV
15412,CDV
15414,CDV
15418,CDV
15419,CDV
15462,CDV
15468,CDV
15470,CDV
15471,CDV
15495,CDV
15496,CDV
15496,Stereoscopic Photograph
15497,CDV
15498,CDV
15499,CDV
15505,CDV
15506,CDV
15507,CDV
15508,CDV
15509,CDV
15512,CDV
15513,CDV
15514,CDV
15515,CDV
15516,CDV
15518,CDV
15521,CDV
15523,CDV
15525,CDV
15525,Cabinet Card
15528,CDV
15530,CDV
15531,CDV
15532,CDV
15536,CDV
15538,CDV
15540,CDV
15541,CDV
15542,CDV
15544,CDV
15546,CDV
15557,CDV
15558,CDV
15559,CDV
15560,CDV
15561,CDV
15562,CDV
15563,CDV
15564,CDV
15567,CDV
15567,CDV
15579,CDV
15584,CDV
15707,Cabinet Card
15707,Stereoscopic Photograph
15891,Stereoscopic Photograph
15954,Cabinet Card
16198,Cabinet Card
16199,Cabinet Card
16392,Cabinet Card
17397,Cabinet Card
17397,Stereoscopic Photograph
17419,Stereoscopic Photograph
17456,CDV
17456,Cabinet Card
17475,CDV
17595,CDV
17630,CDV
17630,Stereoscopic Photograph
17646,Cabinet Card
17715,Cabinet Card
17717,Cabinet Card
17718,Stereoscopic Photograph
17739,Cabinet Card
17740,Cabinet Card
17741,Stereoscopic Photograph
17743,Cabinet Card
17757,Cabinet Card
17759,CDV
17760,Cabinet Card
17764,CDV
17764,Cabinet Card
17766,Stereoscopic Photograph
17768,CDV
17768,CDV
17844,CDV
17844,Cabinet Card
17845,Stereoscopic Photograph
17850,CDV
17850,Cabinet Card
17850,Stereoscopic Photograph
17851,CDV
17851,Cabinet Card
17851,Stereoscopic Photograph
17861,Cabinet Card
17879,Cabinet Card
17915,Cabinet Card
17962,Cabinet Card
18001,Cabinet Card
18072,Cabinet Card
18260,Cabinet Card
18261,Cabinet Card
18262,Cabinet Card
18262,Stereoscopic Photograph
18263,CDV
18263,Cabinet Card
18265,Cabinet Card
18294,Cabinet Card
18431,Cabinet Card
18470,Cabinet Card
18471,CDV
18471,Cabinet Card
18498,Cabinet Card
18533,Stereoscopic Photograph
18544,Cabinet Card
18592,CDV
18765,Stereoscopic Photograph
18769,CDV
18771,CDV
18772,CDV
18778,CDV
18778,Cabinet Card
18782,CDV
18783,CDV
18785,CDV
18785,Stereoscopic Photograph
18791,CDV
18794,CDV
18801,CDV
18802,CDV
18803,CDV
18804,CDV
18805,CDV
18810,CDV
18812,CDV
18822,CDV
18823,CDV
18824,CDV
18824,Cabinet Card
18824,Stereoscopic Photograph
18825,CDV
18826,CDV
18854,CDV
18861,CDV
18861,CDV
18863,CDV
18864,CDV
18864,Cabinet Card
18865,CDV
18866,CDV
18867,CDV
18868,CDV
18869,CDV
18870,CDV
18871,CDV
18872,CDV
18873,CDV
18874,CDV
18874,Stereoscopic Photograph
18876,CDV
18877,CDV
18879,CDV
18879,Cabinet Card
18881,CDV
18882,CDV
18882,Stereoscopic Photograph
18883,CDV
18883,CDV
18884,CDV
18890,CDV
18899,CDV
18900,CDV
18901,CDV
18901,CDV
18908,CDV
18909,CDV
18910,CDV
18910,Stereoscopic Photograph
18912,CDV
18924,CDV
18929,CDV
18931,CDV
18939,CDV
18940,CDV
18942,CDV
18943,CDV
18981,CDV
18982,CDV
18983,CDV
18983,Cabinet Card
18984,CDV
18985,CDV
18986,CDV
19008,CDV
19009,CDV
19010,CDV
19013,CDV
19014,CDV
19014,Cabinet Card
19015,CDV
19016,CDV
19032,CDV
19033,CDV
19034,CDV
19035,CDV
19037,CDV
19039,CDV
19041,CDV
19042,CDV
19047,CDV
19048,CDV
19053,CDV
19055,CDV
19056,CDV
19057,CDV
19058,CDV
19066,CDV
19067,CDV
19068,CDV
19069,CDV
19071,CDV
19073,CDV
19074,CDV
19075,CDV
19076,CDV
19110,CDV
19110,CDV
19110,Stereoscopic Photograph
19163,CDV
19181,CDV
19182,CDV
19183,CDV
19207,CDV
19208,CDV
19209,CDV
19210,CDV
19212,CDV
19216,CDV
19217,CDV
19218,CDV
19223,CDV
19223,CDV
19226,CDV
19229,CDV
19231,CDV
19234,CDV
19243,CDV
19247,CDV
19253,CDV
19255,CDV
19256,CDV
19257,CDV
19259,CDV
19260,CDV
19261,CDV
19262,CDV
19263,CDV
19267,CDV
19268,CDV
19269,CDV
19271,CDV
19272,CDV
19273,CDV
19274,CDV
19276,CDV
19277,CDV
19278,CDV
19279,CDV
19281,CDV
19282,CDV
19283,CDV
19285,CDV
19287,CDV
19288,CDV
19289,CDV
19290,CDV
19292,CDV
19293,CDV
19296,CDV
19297,CDV
19298,CDV
19299,CDV
19300,CDV
19301,CDV
19302,CDV
19303,CDV
19304,CDV
19305,CDV
19305,Stereoscopic Photograph
19306,CDV
19307,CDV
19310,CDV
19311,CDV
19312,CDV
19313,CDV
19315,CDV
19316,CDV
19317,CDV
19318,CDV
19322,CDV
19326,CDV
19327,CDV
19353,CDV
19354,CDV
19356,CDV
19360,CDV
19363,CDV
19364,CDV
19365,CDV
19366,CDV
19367,CDV
19368,CDV
19369,CDV
19370,CDV
19371,CDV
19372,CDV
19372,Cabinet Card
19373,CDV
19374,CDV
19374,CDV
19375,CDV
19376,CDV
19377,CDV
19378,CDV
19379,CDV
19380,CDV
19380,Stereoscopic Photograph
19381,CDV
19381,CDV
19383,CDV
19386,CDV
19387,CDV
19388,CDV
19389,CDV
19455,CDV
19456,CDV
19457,CDV
19459,CDV
19460,CDV
19461,CDV
19461,Stereoscopic Photograph
19488,CDV
19496,CDV
19506,CDV
19508,CDV
19508,Stereoscopic Photograph
19513,CDV
19525,CDV
19532,CDV
19537,CDV
19538,CDV
19539,CDV
19540,CDV
19541,CDV
19542,CDV
19547,CDV
19551,CDV
19552,CDV
19553,CDV
19555,CDV
19556,CDV
19587,CDV
19588,CDV
19589,CDV
19590,CDV
19595,CDV
19596,CDV
19597,CDV
19599,CDV
19619,CDV
19620,CDV
19623,CDV
19624,CDV
19625,CDV
19626,CDV
19628,CDV
19630,CDV
19631,CDV
19633,CDV
19634,CDV
19634,Stereoscopic Photograph
19639,CDV
19641,CDV
19641,Cabinet Card
19654,CDV
19655,CDV
19660,CDV
19662,CDV
19663,CDV
19663,Stereoscopic Photograph
19664,CDV
19665,CDV
19666,CDV
19669,CDV
19675,CDV
19676,CDV
19677,CDV
19684,CDV
19709,CDV
19715,Cabinet Card
19816,CDV
19817,CDV
19818,CDV
19819,CDV
19819,Stereoscopic Photograph
19820,CDV
19821,Stereoscopic Photograph
19822,CDV
19823,CDV
19827,CDV
19827,CDV
19831,CDV
19832,CDV
19834,CDV
19837,CDV
19839,CDV
19840,CDV
19842,CDV
19843,CDV
19844,Stereoscopic Photograph
19846,CDV
19847,CDV
19848,CDV
19851,CDV
19852,CDV
19854,CDV
20010,CDV
20010,Cabinet Card
20012,CDV
20013,CDV
20014,CDV
20014,CDV
20015,Cabinet Card
20018,Cabinet Card
20021,Cabinet Card
20027,Cabinet Card
20028,Cabinet Card
20069,CDV
20069,Stereoscopic Photograph
20073,Stereoscopic Photograph
20212,Stereoscopic Photograph
20281,CDV
20281,Cabinet Card
21107,Cabinet Card
21251,CDV
21251,Stereoscopic Photograph
21252,CDV
21264,Stereoscopic Photograph
21580,Stereoscopic Photograph
21581,Stereoscopic Photograph
21720,Stereoscopic Photograph
21813,Stereoscopic Photograph
21817,CDV
21893,Cabinet Card
21897,Stereoscopic Photograph
22024,CDV
22025,CDV
22091,CDV
22092,CDV
22093,CDV
22094,CDV
22095,CDV
22096,CDV
22097,CDV
22101,CDV
22101,Stereoscopic Photograph
22102,CDV
22103,CDV
22104,CDV
22139,Stereoscopic Photograph
22228,Stereoscopic Photograph
22254,Stereoscopic Photograph
22255,CDV
22256,Cabinet Card
22368,CDV
22368,Cabinet Card
22455,Stereoscopic Photograph
22459,Cabinet Card
22533,Stereoscopic Photograph
22707,Cabinet Card
22708,Cabinet Card
22709,Cabinet Card
22710,Cabinet Card
22711,Cabinet Card
22712,Cabinet Card
22713,Cabinet Card
22715,CDV
22718,Stereoscopic Photograph
22722,Stereoscopic Photograph
22915,Stereoscopic Photograph
22926,Stereoscopic Photograph
22981,Stereoscopic Photograph
23039,Stereoscopic Photograph
23043,Stereoscopic Photograph
23044,Stereoscopic Photograph
23377,Stereoscopic Photograph
23397,Stereoscopic Photograph
23742,Stereoscopic Photograph
23827,Stereoscopic Photograph
24800,Stereoscopic Photograph
24936,Stereoscopic Photograph
25390,Stereoscopic Photograph
25583,CDV
25679,CDV
25733,Stereoscopic Photograph
26198,CDV
26356,Stereoscopic Photograph
26429,CDV
26587,Stereoscopic Photograph
27495,Cabinet Card
28016,CDV
32117,Stereoscopic Photograph
32204,Stereoscopic Photograph
32227,CDV
33227,Cabinet Card
33259,CDV
52129,CDV
52159,CDV
52166,Stereoscopic Photograph
52430,Stereoscopic Photograph
52432,Stereoscopic Photograph
52433,Stereoscopic Photograph
52434,Stereoscopic Photograph
52435,Stereoscopic Photograph
52436,Stereoscopic Photograph
52437,Stereoscopic Photograph
52443,Cabinet Card
52445,Cabinet Card
52461,Stereoscopic Photograph
52462,Stereoscopic Photograph
52463,Stereoscopic Photograph
52464,Stereoscopic Photograph
52465,Stereoscopic Photograph
52470,Stereoscopic Photograph
52471,Stereoscopic Photograph
52472,Stereoscopic Photograph
52473,Stereoscopic Photograph
52474,Stereoscopic Photograph
52475,Stereoscopic Photograph
52476,Stereoscopic Photograph
52477,Stereoscopic Photograph
52478,Stereoscopic Photograph
52481,Stereoscopic Photograph
52482,Stereoscopic Photograph
52483,Stereoscopic Photograph
52484,Stereoscopic Photograph
52485,Stereoscopic Photograph
52486,Stereoscopic Photograph
52487,Cabinet Card
52488,Stereoscopic Photograph
52489,Stereoscopic Photograph
52490,Stereoscopic Photograph
52491,Stereoscopic Photograph
52493,Stereoscopic Photograph
52496,Stereoscopic Photograph
52497,Stereoscopic Photograph
52499,Stereoscopic Photograph
52505,Stereoscopic Photograph
52506,Stereoscopic Photograph
52507,Stereoscopic Photograph
52508,Stereoscopic Photograph
52515,Stereoscopic Photograph
52516,Stereoscopic Photograph
52517,Stereoscopic Photograph
52518,Stereoscopic Photograph
52519,Stereoscopic Photograph
52520,Stereoscopic Photograph
52522,Stereoscopic Photograph
52524,Stereoscopic Photograph
52525,Stereoscopic Photograph
52526,Stereoscopic Photograph
52527,Stereoscopic Photograph
52528,Stereoscopic Photograph
52531,Stereoscopic Photograph
52537,Stereoscopic Photograph
52538,Stereoscopic Photograph
52539,Stereoscopic Photograph
52540,Stereoscopic Photograph
52542,Stereoscopic Photograph
52543,Stereoscopic Photograph
52544,Stereoscopic Photograph
52545,Stereoscopic Photograph
52546,Stereoscopic Photograph
52547,Stereoscopic Photograph
52548,Stereoscopic Photograph
52549,Stereoscopic Photograph
52550,Stereoscopic Photograph
52551,Stereoscopic Photograph
52552,Stereoscopic Photograph
52553,Stereoscopic Photograph
52554,Stereoscopic Photograph
52556,Stereoscopic Photograph
52557,Stereoscopic Photograph
52558,Stereoscopic Photograph
52559,Stereoscopic Photograph
52560,Stereoscopic Photograph
52561,Stereoscopic Photograph
52562,Stereoscopic Photograph
52563,Stereoscopic Photograph
52565,Stereoscopic Photograph
52566,Stereoscopic Photograph
52567,Stereoscopic Photograph
52568,Stereoscopic Photograph
52569,Stereoscopic Photograph
52570,Stereoscopic Photograph
52571,Stereoscopic Photograph
52572,Stereoscopic Photograph
52573,Stereoscopic Photograph
52574,Stereoscopic Photograph
52575,Stereoscopic Photograph
52576,Stereoscopic Photograph
52577,Stereoscopic Photograph
52578,Stereoscopic Photograph
52579,Stereoscopic Photograph
52580,Stereoscopic Photograph
52581,Stereoscopic Photograph
52582,Stereoscopic Photograph
52583,Stereoscopic Photograph
60519,Stereoscopic Photograph
60528,Stereoscopic Photograph
60539,Stereoscopic Photograph
60689,CDV
171643,Stereoscopic Photograph
264581,CDV
265429,Stereoscopic Photograph
265910,Stereoscopic Photograph
266217,CDV
266322,CDV
266453,CDV
266683,CDV
266695,CDV
266695,Stereoscopic Photograph
266848,CDV
267005,Cabinet Card
267114,CDV
267312,CDV
267403,Stereoscopic Photograph
267574,Stereoscopic Photograph
267879,CDV
268003,CDV
268037,CDV
268284,CDV
268407,CDV
268497,CDV
268504,Cabinet Card
268744,CDV
268744,Stereoscopic Photograph
268799,CDV
269048,Stereoscopic Photograph
269139,CDV
269177,CDV
269191,CDV
269382,CDV
269415,CDV
269450,CDV
269464,CDV
269490,Stereoscopic Photograph
269546,CDV
269548,Stereoscopic Photograph
269733,CDV
269772,CDV
269807,Stereoscopic Photograph
269835,Cabinet Card
270140,CDV
270140,Cabinet Card
270175,Stereoscopic Photograph
270185,Stereoscopic Photograph
270202,CDV
270264,CDV
270312,CDV
270312,Stereoscopic Photograph
270323,CDV
270430,Cabinet Card
270501,CDV
270603,CDV
270754,CDV
270803,Stereoscopic Photograph
270979,Stereoscopic Photograph
271207,CDV
271246,CDV
271491,Cabinet Card
271566,Cabinet Card
271626,CDV
271685,Cabinet Card
271720,Cabinet Card
271724,CDV
271728,CDV
271778,Stereoscopic Photograph
271798,CDV
271802,Cabinet Card
271802,Stereoscopic Photograph
272037,Stereoscopic Photograph
272257,CDV
272504,CDV
272604,CDV
272627,CDV
272758,CDV
272832,CDV
272851,Stereoscopic Photograph
273114,Cabinet Card
273132,Cabinet Card
273172,Stereoscopic Photograph
273249,CDV
273249,Cabinet Card
273441,CDV
273691,CDV
273713,CDV
273713,Stereoscopic Photograph
273721,CDV
273766,CDV
273766,Stereoscopic Photograph
273812,CDV
273918,Cabinet Card
273992,Stereoscopic Photograph
274095,CDV
274097,CDV
274230,CDV
274394,CDV
274401,CDV
274533,CDV
274724,CDV
274812,CDV
274866,Cabinet Card
275037,Stereoscopic Photograph
275123,CDV
275589,Cabinet Card
275625,Stereoscopic Photograph
275631,Cabinet Card
276142,Stereoscopic Photograph
276419,CDV
276431,CDV
277086,CDV
277197,CDV
277841,Cabinet Card
277877,CDV
278007,CDV
278342,Stereoscopic Photograph
278527,Stereoscopic Photograph
278599,CDV
278683,CDV
278683,Stereoscopic Photograph
278777,CDV
278970,CDV
279031,CDV
279097,CDV
279124,Stereoscopic Photograph
279328,Stereoscopic Photograph
279331,CDV
279331,Stereoscopic Photograph
279358,Stereoscopic Photograph
279439,Stereoscopic Photograph
279452,Stereoscopic Photograph
279478,CDV
279481,Stereoscopic Photograph
279516,CDV
279578,CDV
279639,CDV
280126,CDV
280283,CDV
280345,Stereoscopic Photograph
280401,CDV
280451,CDV
280541,CDV
280638,CDV
280929,CDV
281010,CDV
281102,CDV
281370,CDV
281385,CDV
281567,Cabinet Card
281571,Stereoscopic Photograph
281763,CDV
281828,Stereoscopic Photograph
281843,CDV
282109,CDV
282116,CDV
282251,Stereoscopic Photograph
282347,CDV
282408,CDV
282436,CDV
282490,CDV
282496,CDV
282614,Stereoscopic Photograph
282657,Stereoscopic Photograph
282909,CDV
283082,CDV
283082,Stereoscopic Photograph
283106,CDV
283180,CDV
283397,Stereoscopic Photograph
283436,CDV
283842,CDV
284112,CDV
284277,CDV
284277,Stereoscopic Photograph
284348,CDV
284668,CDV
284718,CDV
284732,CDV
284749,CDV
284842,CDV
284851,CDV
284983,Stereoscopic Photograph
285200,CDV
285417,Stereoscopic Photograph
285592,CDV
285667,CDV
285681,CDV
285868,CDV
285979,CDV
286222,CDV
286295,CDV
286423,Stereoscopic Photograph
286472,CDV
286472,Stereoscopic Photograph
286751,CDV
287011,CDV
287068,Stereoscopic Photograph
287408,CDV
287412,CDV
287565,Stereoscopic Photograph
287736,CDV
288136,CDV
288316,CDV
288433,Cabinet Card
288465,CDV
288465,Stereoscopic Photograph
288631,CDV
288686,Stereoscopic Photograph
288690,CDV
288690,Stereoscopic Photograph
288799,Stereoscopic Photograph
288812,CDV
288836,CDV
288867,Stereoscopic Photograph
288929,CDV
289055,Cabinet Card
289308,CDV
289605,CDV
290087,Stereoscopic Photograph
290254,CDV
290600,CDV
290649,CDV
290718,Stereoscopic Photograph
290782,CDV
290807,CDV
291157,Stereoscopic Photograph
291199,Stereoscopic Photograph
291265,CDV
291265,Cabinet Card
291285,CDV
291288,CDV
291457,CDV
291464,CDV
291497,CDV
291497,Stereoscopic Photograph
291724,CDV
291844,CDV
291853,Stereoscopic Photograph
292340,CDV
292396,CDV
292433,CDV
292514,CDV
292538,Cabinet Card
292853,CDV
292853,Cabinet Card
292902,CDV
293053,CDV
293120,Stereoscopic Photograph
293169,Stereoscopic Photograph
293243,CDV
293303,CDV
293453,CDV
293494,CDV
293498,CDV
293505,CDV
293527,CDV
293538,CDV
293564,CDV
293615,CDV
293696,CDV
293750,CDV
293997,CDV
294022,CDV
294027,Cabinet Card
294127,CDV
294138,CDV
294189,CDV
294201,CDV
294262,Stereoscopic Photograph
294314,CDV
294314,Stereoscopic Photograph
294485,CDV
294485,Stereoscopic Photograph
294512,CDV
294603,Stereoscopic Photograph
294642,CDV
294988,CDV
294994,Stereoscopic Photograph
295059,Stereoscopic Photograph
295401,CDV
295940,CDV
295986,CDV
296062,CDV
296203,CDV
296203,Cabinet Card
296212,CDV
296599,CDV
296766,CDV
297157,CDV
297276,CDV
297364,CDV
297386,Stereoscopic Photograph
297592,CDV
297592,Stereoscopic Photograph
297984,CDV
298280,CDV
298590,Stereoscopic Photograph
298785,CDV
298846,CDV
299210,CDV
299273,CDV
299494,CDV
299596,CDV
299684,CDV
299688,CDV
299862,Stereoscopic Photograph
300082,CDV
300134,CDV
300136,CDV
300143,CDV
300235,CDV
300598,CDV
300627,Stereoscopic Photograph
300628,Stereoscopic Photograph
300658,CDV
300658,Stereoscopic Photograph
300859,Stereoscopic Photograph
300866,Stereoscopic Photograph
300880,CDV
300907,CDV
300935,CDV
300951,CDV
300969,Cabinet Card
301116,Stereoscopic Photograph
301188,CDV
301190,CDV
301251,Stereoscopic Photograph
301272,Stereoscopic Photograph
301347,CDV
301531,CDV
301826,CDV
301910,Cabinet Card
301975,Stereoscopic Photograph
302375,CDV
303084,Stereoscopic Photograph
303092,CDV
303148,Cabinet Card
303201,CDV
303314,CDV
303496,CDV
303663,Stereoscopic Photograph
303916,CDV
304015,CDV
304120,CDV
304135,CDV
304464,Stereoscopic Photograph
304880,CDV
305047,Stereoscopic Photograph
305048,CDV
305061,CDV
305061,Cabinet Card
305160,CDV
305325,Stereoscopic Photograph
305377,CDV
305442,CDV
305667,CDV
305944,CDV
306001,CDV
306016,CDV
306138,CDV
306176,Cabinet Card
306257,CDV
306319,CDV
306321,CDV
306345,CDV
306493,Stereoscopic Photograph
306658,Cabinet Card
306669,CDV
306680,CDV
306704,CDV
306734,CDV
306931,CDV
306955,CDV
307079,Stereoscopic Photograph
307217,Cabinet Card
307291,CDV
307551,CDV
307586,Stereoscopic Photograph
307678,CDV
307700,CDV
307703,CDV
307942,CDV
307950,CDV
307966,CDV
307966,Stereoscopic Photograph
307990,CDV
308010,CDV
308189,CDV
308657,CDV
308663,Stereoscopic Photograph
308788,CDV
308788,Cabinet Card
308827,CDV
308827,Stereoscopic Photograph
308929,Cabinet Card
309285,CDV
309525,CDV
309736,CDV
309998,Stereoscopic Photograph
310009,CDV
310407,CDV
310468,CDV
310513,Stereoscopic Photograph
310564,CDV
310576,CDV
310644,CDV
311015,CDV
311097,CDV
311108,CDV
311129,Stereoscopic Photograph
311251,CDV
311533,CDV
311574,CDV
311850,CDV
311867,CDV
312136,CDV
312188,CDV
312295,CDV
312440,CDV
312530,Stereoscopic Photograph
312534,CDV
312535,CDV
312549,Stereoscopic Photograph
312620,CDV
313040,CDV
313083,CDV
313093,CDV
313106,CDV
313261,CDV
313419,CDV
313730,Stereoscopic Photograph
313740,CDV
313832,CDV
313881,Cabinet Card
313925,CDV
313953,CDV
313954,CDV
314129,CDV
314129,Cabinet Card
314236,Cabinet Card
314248,CDV
314329,CDV
315257,CDV
315432,CDV
315436,CDV
315654,CDV
315654,Stereoscopic Photograph
315764,CDV
315850,CDV
315993,Cabinet Card
315993,Stereoscopic Photograph
316043,CDV
317001,Stereoscopic Photograph
317169,CDV
317716,Stereoscopic Photograph
317745,CDV
317791,CDV
318099,CDV
318372,CDV
318372,Cabinet Card
318823,CDV
318880,CDV
318944,CDV
318955,Stereoscopic Photograph
319183,CDV
319228,Stereoscopic Photograph
319522,CDV
319970,CDV
320388,CDV
320550,CDV
320571,CDV
320573,CDV
320663,Stereoscopic Photograph
320675,CDV
320723,Stereoscopic Photograph
320884,CDV
320896,CDV
320957,CDV
321330,CDV
321347,CDV
321412,CDV
321469,CDV
321508,CDV
321532,Stereoscopic Photograph
321678,CDV
321934,CDV
321992,CDV
322186,CDV
322316,CDV
322497,Stereoscopic Photograph
322512,Cabinet Card
322542,Stereoscopic Photograph
322635,CDV
322649,CDV
322723,CDV
322867,CDV
322937,Stereoscopic Photograph
323092,CDV
323148,CDV
323154,CDV
323157,CDV
323297,CDV
323453,CDV
323673,CDV
323746,CDV
323888,CDV
324182,CDV
324183,CDV
324281,CDV
324406,CDV
324430,Cabinet Card
324481,CDV
324550,CDV
324612,CDV
324973,CDV
325019,Stereoscopic Photograph
325030,CDV
325030,Stereoscopic Photograph
325094,CDV
325097,CDV
325393,CDV
325459,Stereoscopic Photograph
325506,CDV
325507,CDV
326083,Cabinet Card
326196,CDV
326387,CDV
326423,CDV
326448,CDV
326469,Cabinet Card
326487,CDV
326520,CDV
326520,Stereoscopic Photograph
326529,CDV
326627,CDV
326680,Stereoscopic Photograph
326683,CDV
326725,Stereoscopic Photograph
326814,CDV
326876,CDV
327088,CDV
327132,CDV
327148,CDV
327177,CDV
327243,CDV
327299,CDV
327372,CDV
327486,CDV
327776,Stereoscopic Photograph
327782,CDV
327788,CDV
327824,CDV
327825,CDV
327867,CDV
327952,Stereoscopic Photograph
328021,CDV
328021,Stereoscopic Photograph
328026,CDV
328047,CDV
328166,Cabinet Card
328423,CDV
328585,CDV
328604,CDV
328604,Cabinet Card
328658,CDV
328955,CDV
329056,CDV
329097,CDV
329140,CDV
329197,CDV
329308,CDV
329426,CDV
329569,CDV
329579,CDV
329601,CDV
329692,Cabinet Card
330017,Cabinet Card
330030,CDV
330078,CDV
330081,CDV
330370,CDV
330430,CDV
330437,CDV
330524,CDV
330545,CDV
330566,CDV
330582,CDV
330601,CDV
330678,CDV
331004,CDV
331153,CDV
331318,Stereoscopic Photograph
331645,CDV
331756,CDV
331756,Stereoscopic Photograph
332271,CDV
332446,CDV
332631,Stereoscopic Photograph
333539,CDV
333661,CDV
333845,CDV
334479,CDV
334616,CDV
334793,Cabinet Card
334910,Stereoscopic Photograph
335294,Cabinet Card
335472,CDV
335772,Stereoscopic Photograph
335777,CDV
335777,Cabinet Card
336142,CDV
336362,CDV
337646,CDV
337646,Cabinet Card
337797,CDV
337908,Stereoscopic Photograph
338140,CDV
338140,Cabinet Card
338359,CDV
338618,CDV
338650,CDV
338650,Cabinet Card
338848,Cabinet Card
338949,CDV
339335,CDV
339420,CDV
339459,Cabinet Card
339641,CDV
339656,CDV
339684,CDV
339750,Cabinet Card
339750,Stereoscopic Photograph
339779,CDV
339831,CDV
339846,CDV
339880,CDV
339955,CDV
339974,CDV
339975,Cabinet Card
340060,CDV
340096,CDV
340117,CDV
340117,Cabinet Card
340206,Cabinet Card
340211,Stereoscopic Photograph
340266,CDV
340311,CDV
340325,Stereoscopic Photograph
340415,CDV
340428,Stereoscopic Photograph
340984,CDV
341110,Cabinet Card
341263,CDV
341276,CDV
341285,CDV
341285,Cabinet Card
341319,CDV
341341,CDV
341404,CDV
342416,Cabinet Card
342417,Cabinet Card
342700,CDV
342777,CDV
342826,Stereoscopic Photograph
342910,CDV
342967,CDV
343209,Stereoscopic Photograph
343342,CDV
343347,CDV
343470,CDV
343638,CDV
343735,CDV
343760,CDV
343802,CDV
343821,CDV
343862,CDV
343862,Stereoscopic Photograph
343934,Stereoscopic Photograph
344026,CDV
344151,CDV
344533,CDV
344692,CDV
344692,Stereoscopic Photograph
344701,CDV
344830,CDV
344844,CDV
345089,CDV
345194,CDV
345203,CDV
345203,Stereoscopic Photograph
348753,CDV
348753,Stereoscopic Photograph
348889,Stereoscopic Photograph
348969,CDV
348990,CDV
349023,CDV
349350,Cabinet Card
349455,Stereoscopic Photograph
349487,Stereoscopic Photograph
349632,CDV
349817,Stereoscopic Photograph
350717,CDV
351067,CDV
351804,CDV
351805,CDV
351814,Stereoscopic Photograph
356451,CDV
356456,CDV
358120,CDV
363441,CDV
363498,CDV
363536,Cabinet Card
363567,Stereoscopic Photograph
365015,Cabinet Card
365015,Stereoscopic Photograph
365017,Stereoscopic Photograph
365589,CDV
365757,Stereoscopic Photograph
365823,Stereoscopic Photograph
365861,CDV
365876,Stereoscopic Photograph
365886,Stereoscopic Photograph
366007,Stereoscopic Photograph
366084,Stereoscopic Photograph
366183,Stereoscopic Photograph
366207,Stereoscopic Photograph
366226,CDV
366267,CDV
366306,Stereoscopic Photograph
366578,Stereoscopic Photograph
366742,CDV
366749,Stereoscopic Photograph
366849,Stereoscopic Photograph
366964,Stereoscopic Photograph
366967,CDV
367118,CDV
367456,Stereoscopic Photograph
367533,CDV
367533,Stereoscopic Photograph
367821,CDV
367900,CDV
367981,CDV
368167,CDV
368292,Stereoscopic Photograph
368297,Stereoscopic Photograph
368431,Stereoscopic Photograph
368495,CDV
368798,CDV
368849,CDV
369029,Stereoscopic Photograph
369128,CDV
369210,Stereoscopic Photograph
369530,Stereoscopic Photograph
369652,Stereoscopic Photograph
369653,Stereoscopic Photograph
369726,Stereoscopic Photograph
369736,CDV
369749,CDV
369887,Stereoscopic Photograph
369983,Stereoscopic Photograph
369996,Stereoscopic Photograph
370095,Stereoscopic Photograph
370215,Stereoscopic Photograph
370241,Stereoscopic Photograph
370380,Stereoscopic Photograph
370583,CDV
370846,Stereoscopic Photograph
370855,Stereoscopic Photograph
370856,Stereoscopic Photograph
370857,Stereoscopic Photograph
371193,CDV
371281,CDV
371305,CDV
371369,CDV
371376,CDV
371389,CDV
371527,CDV
371528,CDV
375577,CDV
375586,CDV
375602,CDV
375670,Stereoscopic Photograph
375680,CDV
375745,Stereoscopic Photograph
375746,Stereoscopic Photograph
375747,Stereoscopic Photograph
375767,CDV
375864,CDV
375870,CDV
376137,CDV
376198,CDV
376324,CDV
376364,CDV
376366,CDV
376367,CDV
376368,CDV
376369,CDV
376370,CDV
376371,CDV
376373,CDV
376375,CDV
376376,CDV
376377,CDV
376379,CDV
376380,CDV
376381,CDV
376382,CDV
376383,CDV
376384,CDV
376385,CDV
376386,CDV
376387,CDV
376388,CDV
376389,CDV
376390,CDV
376391,CDV
376392,CDV
376393,CDV
376394,CDV
376395,CDV
376396,CDV
376397,CDV
376398,CDV
376399,CDV
376400,CDV
376401,CDV
376402,CDV
376404,CDV
376405,CDV
376406,CDV
376407,CDV
376408,CDV
376409,CDV
376410,CDV
376413,CDV
376414,CDV
376415,CDV
376416,CDV
376417,CDV
376418,CDV
376419,CDV
376420,CDV
376421,CDV
376422,CDV
376423,CDV
376424,CDV
376425,CDV
376426,CDV
376427,CDV
376428,CDV
376429,CDV
376430,CDV
376431,CDV
376433,CDV
376434,CDV
376435,CDV
376436,CDV
376437,CDV
376438,CDV
376439,CDV
376440,CDV
376441,CDV
376442,CDV
376443,CDV
376445,CDV
376446,CDV
376447,CDV
376448,CDV
376449,CDV
376450,CDV
376451,CDV
376452,CDV
376454,CDV
376455,CDV
376456,CDV
376457,CDV
376458,CDV
376459,CDV
376461,CDV
376464,CDV
376466,CDV
376467,CDV
376487,CDV
376488,CDV
376489,CDV
376490,CDV
376491,CDV
376492,CDV
376493,CDV
376494,CDV
376495,CDV
376496,CDV
376499,CDV
376500,CDV
376501,CDV
376503,CDV
376504,CDV
376513,CDV
376514,CDV
376515,CDV
376516,CDV
376517,CDV
376518,CDV
376519,CDV
376520,CDV
376522,CDV
376523,CDV
376524,CDV
376525,CDV
376526,CDV
376527,CDV
376528,CDV
376529,CDV
376530,CDV
376531,CDV
376533,CDV
376534,CDV
376536,CDV
376537,CDV
376538,CDV
376539,CDV
376540,CDV
376541,CDV
376542,CDV
376543,CDV
376544,CDV
376545,CDV
376546,CDV
376547,CDV
376548,CDV
376549,CDV
376824,CDV
376824,Stereoscopic Photograph
376862,CDV
376872,CDV
376873,CDV
377545,Stereoscopic Photograph
377697,Stereoscopic Photograph
377713,CDV
377713,Stereoscopic Photograph
378036,CDV
378310,Stereoscopic Photograph
378360,CDV
384158,Cabinet Card
384215,CDV
1671,Lantern Slides
1676,Lantern Slides
1686,Lantern Slides
1776,Lantern Slides
1930,Lantern Slides
1940,Lantern Slides
2052,Lantern Slides
2131,Lantern Slides
2282,Lantern Slides
2304,Lantern Slides
3280,Lantern Slides
3467,Lantern Slides
4289,Lantern Slides
5231,Lantern Slides
5232,Lantern Slides
5233,Lantern Slides
5234,Lantern Slides
5246,Lantern Slides
5248,Lantern Slides
5282,Lantern Slides
6650,Lantern Slides
6694,Lantern Slides
7226,Lantern Slides
7271,Lantern Slides
8555,Lantern Slides
8841,Lantern Slides
8996,Lantern Slides
9232,Lantern Slides
9528,Lantern Slides
13604,Lantern Slides
15901,Lantern Slides
15928,Lantern Slides
15930,Lantern Slides
15932,Lantern Slides
268225,Lantern Slides
270027,Lantern Slides
273193,Lantern Slides
274008,Lantern Slides
276451,Lantern Slides
277681,Lantern Slides
280345,Lantern Slides
280867,Lantern Slides
282191,Lantern Slides
283048,Lantern Slides
283843,Lantern Slides
290556,Lantern Slides
290827,Lantern Slides
295494,Lantern Slides
297473,Lantern Slides
306488,Lantern Slides
311596,Lantern Slides
314400,Lantern Slides
314756,Lantern Slides
317825,Lantern Slides
318344,Lantern Slides
320893,Lantern Slides
321932,Lantern Slides
322989,Lantern Slides
323756,Lantern Slides
330149,Lantern Slides
330289,Lantern Slides
334910,Lantern Slides
339473,Lantern Slides
370196,Lantern Slides
384076,Lantern Slides
384077,Lantern Slides
3392,Panoramic Photographs
271722,Panoramic Photographs
279453,Panoramic Photographs
284769,Panoramic Photographs
290793,Panoramic Photographs
297900,Panoramic Photographs
316280,Panoramic Photographs
328850,Panoramic Photographs
330291,Panoramic Photographs
330297,Panoramic Photographs
330417,Panoramic Photographs
330622,Panoramic Photographs
331168,Panoramic Photographs
338965,Panoramic Photographs
5077,Photographic Postcards
278420,Photographic Postcards
296551,Photographic Postcards
329080,Photographic Postcards
